Player,Age,Team,Position,Games,Games Started,Avg minutes played,Avg field goal,Avg field goal attempts,Field goal percentage,avg three points made,3PA,3P%,2P,2PA,2P%,eFG%,FT,FTA,FT%,ORB,DRB,TRB,AST,STL,BLK,TOV,PF,PTS
Luka Dončić,26,LAL,PG,28,28,36.5,10.4,22.4,0.463,3.3,10.4,0.316,7.1,12,0.591,0.537,9.6,12.1,0.791,0.8,7.2,8,8.8,1.6,0.6,4.6,2.5,33.7
Cade Cunningham,24,DET,PG,33,33,35.6,9.3,19.9,0.465,2.1,6.1,0.34,7.2,13.9,0.52,0.517,6.1,7.3,0.838,1.1,5.1,6.2,9.7,1.5,0.8,4,3.4,26.7
Deni Avdija,25,POR,SF,38,38,35.3,8,17,0.471,2.3,6.5,0.359,5.7,10.5,0.54,0.539,7.9,9.9,0.796,1,6.2,7.2,7,0.8,0.6,3.8,2.8,26.3
Jaylen Brown,29,BOS,SF,34,34,33.9,11,22,0.501,2.1,5.8,0.372,8.9,16.2,0.546,0.55,5.6,7.2,0.771,1.2,5.1,6.4,4.9,1.1,0.4,3.7,3.1,29.7
Stephon Castle,21,SAS,PG,28,28,30.8,6.1,12.6,0.482,1,3.9,0.269,5,8.8,0.576,0.523,4.5,6.1,0.737,1.1,4,5.1,6.9,1.3,0.3,3.7,3.6,17.7
Keyonte George,22,UTA,PG,35,35,34.6,7.6,16.9,0.45,2.6,7.1,0.372,5,9.8,0.506,0.528,6.5,7.1,0.904,0.5,3.8,4.3,6.9,0.9,0.3,3.6,2.6,24.3
Josh Giddey,23,CHI,PG,30,30,32.8,6.7,14.3,0.466,1.9,4.8,0.386,4.8,9.5,0.507,0.531,4,5.3,0.761,1.2,7.8,8.9,9,0.9,0.4,3.6,1.8,19.2
Jalen Johnson,24,ATL,SF,35,35,35.5,8.7,16.8,0.52,1.6,4.4,0.355,7.2,12.4,0.58,0.567,4.5,5.6,0.797,1.5,8.8,10.3,8.3,1.3,0.5,3.6,2,23.5
Ja Morant,26,MEM,PG,18,18,28.3,6.6,16.3,0.401,0.9,4.3,0.208,5.7,12.1,0.47,0.429,5,5.6,0.9,0.4,2.8,3.2,7.6,1,0.2,3.6,1.9,19
James Harden,36,LAC,PG,33,33,35.5,7.4,17.1,0.431,3.3,9.1,0.363,4.1,8,0.508,0.527,7.6,8.5,0.89,0.6,4.2,4.8,8,1.2,0.3,3.5,2,25.6
Nikola Jokić,30,DEN,C,32,32,34.6,10.6,17.5,0.605,2.1,4.8,0.435,8.5,12.7,0.67,0.665,6.3,7.4,0.853,3,9.1,12.2,11,1.4,0.8,3.5,2.8,29.6
LaMelo Ball,24,CHO,PG,27,27,28,6.8,16.6,0.408,3.2,8.7,0.364,3.6,7.9,0.458,0.504,2.8,3.2,0.872,1,4.1,5.1,7.9,1.2,0.2,3.4,2.8,19.5
Devin Booker,29,PHO,SG,34,34,34,8.4,18.2,0.461,1.6,5.5,0.296,6.8,12.7,0.532,0.506,7,8.2,0.853,0.8,3.1,4,6.3,0.9,0.4,3.4,2.7,25.4
Kevin Porter Jr.,25,MIL,PG,18,18,34.2,6.4,13.6,0.471,1.9,4.9,0.382,4.5,8.6,0.523,0.541,3.8,4.4,0.861,0.7,4.4,5.1,7.8,2.2,0.3,3.3,2.2,18.4
Austin Reaves,27,LAL,SG,23,22,35.3,8.2,16.2,0.507,2.7,7.4,0.365,5.5,8.8,0.626,0.59,7.5,8.6,0.873,0.7,4.5,5.2,6.3,1,0.2,3.3,2.3,26.6
Alperen Şengün,23,HOU,C,28,28,34.3,8.3,16.3,0.512,0.7,2.3,0.317,7.6,14,0.543,0.534,4.4,6,0.734,2.9,6,9,6.5,1.5,1,3.3,3.3,21.8
Russell Westbrook,37,SAC,SF,37,31,29.1,5.3,12.8,0.416,1.9,5.5,0.337,3.5,7.2,0.478,0.489,2,3,0.682,1.6,5,6.6,6.8,1.4,0.2,3.3,2.6,14.5
Giannis Antetokounmpo,31,MIL,PF,23,23,29,11.3,17.5,0.645,0.6,1.4,0.406,10.7,16.1,0.666,0.661,6.3,9.7,0.655,3.1,6.9,10,5.5,0.8,0.7,3.2,2.7,29.5
Walker Kessler,24,UTA,C,5,5,30.8,5.2,7.4,0.703,1.2,1.6,0.75,4,5.8,0.69,0.784,2.8,4,0.7,4.6,6.2,10.8,3,1.4,1.8,3.2,4.4,14.4
Victor Wembanyama,22,SAS,C,23,15,29.2,8.5,16.3,0.521,1.5,4.1,0.362,7,12.3,0.574,0.566,5.7,6.8,0.834,1.9,9.6,11.5,3.3,0.9,2.9,3.2,2.9,24.2
Kevin Durant,37,HOU,SF,32,32,36.2,9.2,17.6,0.52,2.1,5.2,0.401,7.1,12.4,0.571,0.58,5.7,6.3,0.892,0.3,4.8,5.1,4.4,0.7,1,3.1,2.2,26.1
Kyshawn George,22,WAS,SF,27,27,31.9,5.4,11.7,0.467,2.2,5.4,0.408,3.2,6.2,0.518,0.562,1.9,2.6,0.739,0.9,4.8,5.7,5.1,1,0.9,3.1,4.2,15
Donovan Mitchell,29,CLE,SG,34,34,33.8,10.4,21,0.497,3.9,10.1,0.388,6.5,10.9,0.597,0.59,5,6,0.837,0.9,3.8,4.7,5.4,1.5,0.3,3.1,2.6,29.8
Shaedon Sharpe,22,POR,SG,34,28,29.6,8.1,17.9,0.449,2,5.9,0.337,6.1,12,0.505,0.505,3.4,4.4,0.773,1.2,3.1,4.3,2.5,1.5,0.1,3,2.1,21.5
Coby White,25,CHI,SG,17,14,27.9,5.8,13.2,0.44,2.1,6.6,0.319,3.7,6.6,0.563,0.52,4.6,5.8,0.796,0.3,3.1,3.4,4.6,0.6,0,3,2.2,18.4
Stephen Curry,37,GSW,PG,28,28,32.2,9.4,20,0.468,4.7,12.1,0.391,4.6,7.9,0.586,0.586,5.4,5.8,0.926,0.5,3.5,4,4.5,1.2,0.4,2.9,2.1,28.8
Darius Garland,26,CLE,PG,22,22,30.5,6.3,14.5,0.434,2.2,6.4,0.348,4,8,0.503,0.511,2.8,3.1,0.897,0.5,2.1,2.6,6.9,0.7,0.1,2.9,1.9,17.5
Jrue Holiday,35,POR,PG,12,12,33.4,6.2,13.8,0.446,2.6,7.1,0.365,3.6,6.8,0.531,0.539,1.8,2.1,0.84,1.3,3.9,5.3,8.3,1.6,0.3,2.9,2,16.7
Paolo Banchero,23,ORL,PF,28,28,33.4,7.1,15.5,0.459,1,3.6,0.265,6.1,11.9,0.518,0.49,5.9,7.9,0.747,0.9,7.7,8.6,4.7,0.6,0.7,2.8,2.2,21.1
Anthony Edwards,24,MIN,SG,30,30,34.7,10,19.8,0.504,3.4,8.3,0.407,6.6,11.5,0.574,0.589,6,7.5,0.801,0.6,4.4,5,3.6,1.4,0.8,2.8,1.8,29.3
Draymond Green,35,GSW,PF,31,31,27,3.1,7.4,0.422,1.5,4.4,0.328,1.7,3,0.559,0.52,0.9,1.4,0.667,0.7,5,5.8,5.4,0.9,0.7,2.8,3.2,8.6
Brandon Ingram,28,TOR,SF,38,38,33.7,8.2,17.2,0.474,1.7,5,0.349,6.4,12.2,0.525,0.524,3.7,4.6,0.821,0.8,5.1,5.9,3.6,0.8,0.8,2.8,1.9,21.8
Joel Embiid,31,PHI,C,18,18,29.1,8.1,17.1,0.472,1,4.1,0.243,7.1,12.9,0.545,0.502,6.5,7.8,0.836,1.9,5,6.9,3.3,0.6,1.3,2.7,2.4,23.6
Jalen Suggs,24,ORL,PG,23,23,25.4,5.3,11.2,0.471,1.9,5.8,0.331,3.3,5.4,0.621,0.556,2.6,3,0.857,0.7,2.9,3.7,4.7,1.9,0.5,2.7,3,15
Scottie Barnes,24,TOR,PF,38,38,34,7.5,14.8,0.504,1.1,3.3,0.347,6.3,11.6,0.549,0.543,3,3.6,0.837,2.2,6.2,8.4,5.2,1.3,1.5,2.6,2.8,19.1
Tyrese Maxey,25,PHI,PG,33,33,39.6,10.7,22.5,0.477,3.8,9.3,0.405,7,13.2,0.528,0.561,5.5,6.3,0.871,0.2,4.4,4.6,7.1,1.8,0.9,2.6,2.2,30.7
Trae Young,27,ATL,PG,10,10,28,5.6,13.5,0.415,1.8,5.9,0.305,3.8,7.6,0.5,0.481,6.3,7.3,0.863,0,1.5,1.5,8.9,1,0.1,2.6,2,19.3
De'Aaron Fox,28,SAS,PG,28,28,32.4,7.6,16.3,0.467,2.1,6.2,0.341,5.5,10.1,0.544,0.532,3.7,4.6,0.805,0.8,3,3.9,5.9,1.4,0.3,2.5,2.3,21
LeBron James,41,LAL,SF,18,18,33.3,8,15.6,0.512,1.6,5,0.322,6.4,10.6,0.602,0.564,4.1,5.8,0.712,0.6,4.8,5.4,6.8,1,0.6,2.5,1.6,21.7
Brandon Miller,23,CHO,SF,20,20,30.6,7,17.2,0.405,3,8.2,0.36,4,9,0.447,0.491,3.3,3.9,0.844,1.2,3.1,4.3,3.3,1,1.1,2.5,2.9,20.1
Jusuf Nurkić,31,UTA,C,31,26,25.8,4.2,8.2,0.508,0.5,1.6,0.347,3.6,6.6,0.546,0.541,1.5,2.8,0.545,2.7,7,9.8,4.4,1.4,0.4,2.5,3.3,10.4
Michael Porter Jr.,27,BRK,SF,28,28,33.1,9.3,18.7,0.495,3.9,9.4,0.411,5.4,9.3,0.581,0.598,3.8,4.6,0.828,1.3,6.2,7.5,3.3,1,0.2,2.5,2.2,26.1
Julius Randle,31,MIN,PF,37,37,33.4,7.6,15.5,0.49,1.6,4.7,0.335,6.1,10.9,0.557,0.541,5.3,6.5,0.813,1.7,5.4,7.1,5.7,1.1,0.2,2.5,2.6,22.1
Domantas Sabonis,29,SAC,C,11,11,33.2,6.7,13.2,0.51,0.4,1.8,0.2,6.4,11.4,0.56,0.524,3.4,4.6,0.725,3.4,8.9,12.3,3.7,1.2,0.2,2.5,4,17.2
Amen Thompson,23,HOU,PG,34,34,36.7,7.1,13.9,0.513,0.4,2.1,0.2,6.7,11.8,0.567,0.528,3.5,4.4,0.8,2.8,4.7,7.5,5.3,1.3,0.6,2.5,2.4,18.2
Karl-Anthony Towns,30,NYK,C,34,34,32.4,6.8,14.6,0.466,1.7,4.8,0.348,5.1,9.8,0.524,0.523,6.1,7,0.874,2.9,8.5,11.4,3,0.9,0.6,2.5,3.5,21.4
Zion Williamson,25,NOP,PF,23,16,28.8,8.1,14.4,0.562,0,0.1,0,8.1,14.3,0.567,0.562,6.3,8.7,0.724,2.5,3.3,5.9,3.4,1.1,0.6,2.5,2.2,22.4
Zach Edey,23,MEM,C,11,11,25.8,5.6,8.9,0.633,0.1,0.5,0.2,5.5,8.5,0.656,0.638,2.3,2.9,0.781,3.9,7.2,11.1,1.1,0.6,1.9,2.4,3.4,13.6
Jeremiah Fears,19,NOP,PG,39,37,26.6,5.4,12.4,0.433,1,3.2,0.323,4.4,9.3,0.471,0.474,2.4,3.1,0.785,0.7,2.8,3.6,3.1,1.2,0.2,2.4,1.8,14.2
Kon Knueppel,20,CHO,SF,36,35,32.9,6.6,14,0.474,3.6,8.4,0.429,3,5.6,0.542,0.603,2.4,2.8,0.879,1,4.2,5.2,3.5,0.6,0.2,2.4,2.4,19.3
Jonathan Kuminga,23,GSW,PF,18,13,24.8,4.3,10.1,0.431,0.9,2.8,0.32,3.4,7.3,0.473,0.475,2.2,3,0.741,1.6,4.6,6.2,2.6,0.3,0.3,2.4,1.7,11.8
Bennedict Mathurin,23,IND,SF,24,24,32.2,5.6,13.2,0.423,2.2,6,0.366,3.4,7.2,0.471,0.506,4.4,5,0.876,0.8,4.7,5.5,2.2,0.7,0.2,2.4,2.9,17.8
Derik Queen,21,NOP,C,38,26,25.9,4.9,10,0.495,0.2,1,0.189,4.8,9,0.528,0.504,2.8,3.6,0.774,1.6,5.7,7.2,4.1,1.1,0.9,2.4,3.1,12.9
Ryan Rollins,23,MIL,PG,37,32,31.8,6.6,13.6,0.482,2.4,5.8,0.421,4.1,7.8,0.528,0.571,1.6,2.1,0.769,0.7,3.6,4.4,5.7,1.6,0.4,2.4,2.9,17.2
Anthony Black,22,ORL,PG,38,18,29.9,5.6,12.3,0.453,1.5,4.4,0.337,4.1,7.9,0.517,0.513,2.7,3.8,0.715,0.8,3.3,4.1,3.8,1.3,0.7,2.3,2.8,15.3
Jalen Brunson,29,NYK,PG,34,34,35.2,10.3,21.5,0.48,3,7.8,0.387,7.3,13.7,0.532,0.55,5.4,6.4,0.847,0.6,2.7,3.3,6.3,0.7,0.1,2.3,2.5,29.1
Isaiah Collier,21,UTA,PG,28,2,23,3,5.8,0.512,0.4,1.2,0.353,2.5,4.6,0.555,0.549,2,3.1,0.663,0.3,2.1,2.4,6.6,0.7,0.4,2.3,2.3,8.4
Jalen Duren,22,DET,C,31,31,28.4,7,11,0.633,0,0,,7,11,0.633,0.633,4,5.5,0.724,4.1,6.5,10.6,1.7,0.9,0.9,2.3,3.2,17.9
Jamal Murray,28,DEN,PG,35,35,35.5,9,18.8,0.479,3.4,7.7,0.443,5.6,11.1,0.504,0.57,3.9,4.4,0.889,0.5,4.2,4.7,7.5,1,0.3,2.3,1.5,25.3
Andrew Nembhard,26,IND,PG,29,29,31.8,6,13.8,0.438,1.8,5,0.354,4.3,8.8,0.484,0.501,3.4,4.2,0.805,0.3,2.1,2.4,7,0.9,0.1,2.3,2.4,17.2
Collin Sexton,27,CHO,SG,29,11,24.3,5.1,10.6,0.48,1.3,3.3,0.392,3.8,7.2,0.522,0.542,3.9,4.4,0.875,0.5,1.6,2,4.1,0.8,0.2,2.3,1.9,15.3
Desmond Bane,27,ORL,SG,38,38,33.7,6.9,15.3,0.45,1.7,5,0.346,5.1,10.2,0.501,0.507,3.4,3.7,0.922,1.2,3.3,4.5,4.5,0.8,0.5,2.2,3.1,18.9
Bub Carrington,20,WAS,PG,36,12,27.2,3.3,8.2,0.401,2,4.6,0.425,1.3,3.5,0.37,0.522,1,1.4,0.714,0.4,3.4,3.8,4.4,0.5,0.2,2.2,2.4,9.5
Dyson Daniels,22,ATL,SG,38,38,34.2,5.2,10.4,0.495,0.2,1.6,0.117,5,8.8,0.563,0.504,1.2,2,0.627,2.2,4.3,6.5,6.1,1.9,0.5,2.2,2.2,11.7
Cooper Flagg,19,DAL,SF,36,36,34.6,7.2,15.1,0.478,0.9,3.4,0.276,6.3,11.7,0.537,0.509,3.6,4.4,0.815,1.2,5.3,6.5,4.2,1.2,0.8,2.2,2.3,18.9
Jerami Grant,31,POR,PF,26,14,30.3,6,13.8,0.436,2.5,6.4,0.389,3.5,7.3,0.476,0.527,5.5,6.3,0.866,1.2,2.9,4,2.7,0.7,0.6,2.2,3,20
Quentin Grimes,25,PHI,SG,33,7,32.4,4.7,10.7,0.438,2.3,6.2,0.364,2.4,4.5,0.541,0.544,3.1,3.5,0.871,0.6,3.2,3.8,4,1,0.5,2.2,1.9,14.7
Jaren Jackson Jr.,26,MEM,C,35,35,30.4,6.9,14.4,0.479,1.7,4.6,0.366,5.2,9.8,0.532,0.538,3,4,0.745,0.9,4.7,5.6,1.9,0.9,1.5,2.2,3.8,18.5
Kawhi Leonard,34,LAC,SF,26,26,34.3,9.8,19.9,0.492,2.6,7.1,0.364,7.2,12.8,0.563,0.557,5.8,6,0.955,1,5.5,6.4,3.5,2.2,0.7,2.2,1.5,28
Evan Mobley,24,CLE,PF,32,30,33,6.7,13.4,0.5,1.3,3.8,0.328,5.4,9.6,0.569,0.547,3.2,4.9,0.646,2.5,6.4,8.8,4,0.9,1.8,2.2,2.5,17.8
P.J. Washington,27,DAL,PF,30,30,31.4,5.5,12,0.46,1.3,4.2,0.317,4.2,7.8,0.536,0.515,2.3,3.4,0.693,1.4,6,7.4,1.9,1,1.4,2.2,2.3,14.7
Nickeil Alexander-Walker,27,ATL,SG,37,30,32.9,7,15.8,0.444,3,7.9,0.374,4.1,7.9,0.514,0.538,3.4,4,0.857,0.6,2.8,3.5,3.3,1,0.6,2.1,2.1,20.4
OG Anunoby,28,NYK,PF,27,27,32.4,5.3,11.6,0.455,2,5.7,0.353,3.3,6,0.553,0.541,2.7,3.3,0.82,1.3,4.1,5.4,2,1.8,0.7,2.1,2.6,15.3
Toumani Camara,25,POR,PF,38,38,33.6,4.5,10.8,0.417,2.6,7.3,0.349,2,3.5,0.56,0.535,1.2,1.8,0.681,1.9,3.3,5.2,2.8,1.1,0.4,2.1,3.4,12.8
Anthony Davis,32,DAL,PF,19,19,31.1,8.4,16.5,0.506,0.5,1.8,0.286,7.8,14.7,0.534,0.522,3.1,4.2,0.725,3.2,7.9,11.1,2.7,1.1,1.7,2.1,2.2,20.3
Josh Hart,30,NYK,SF,28,14,30.3,4.6,9.3,0.498,1.6,4,0.389,3,5.2,0.582,0.583,1.5,1.8,0.837,1.8,6.3,8,5.1,1.4,0.3,2.1,2.5,12.3
Isaiah Hartenstein,27,OKC,C,24,24,26.9,4.8,7.5,0.644,0,0.2,0,4.8,7.3,0.659,0.644,1.5,2.4,0.649,3.4,7,10.4,3,1.1,0.8,2.1,2.9,11.2
Jaime Jaquez Jr.,24,MIA,SF,34,1,29.1,6.6,12.3,0.533,0.4,1.6,0.268,6.1,10.6,0.575,0.551,2.6,3.5,0.748,1.2,4,5.3,4.7,0.8,0.2,2.1,2,16.2
Zach LaVine,30,SAC,SG,25,24,33.1,7.2,14.8,0.484,2.6,6.8,0.386,4.5,8,0.568,0.573,3.2,3.6,0.879,0.2,2.8,3,2.4,0.8,0.2,2.1,2.1,20.2
Vince Williams Jr.,25,MEM,PG,23,11,21.9,2.7,7.5,0.353,1.3,4.3,0.3,1.3,3.2,0.425,0.439,1.1,1.3,0.806,0.8,3.5,4.3,4.9,0.8,0.5,2.1,2.1,7.7
Dillon Brooks,30,PHO,SF,31,31,30.8,7.9,17.2,0.457,2.4,7.1,0.342,5.5,10.2,0.537,0.527,3,3.6,0.838,0.7,2.6,3.3,1.7,1.2,0.1,2,3.4,21.2
Hunter Dickinson,25,NOP,C,1,0,5,1,2,0.5,0,0,,1,2,0.5,0.5,0,0,,0,0,0,0,0,1,2,2,2
Dennis Schröder,32,SAC,PG,30,12,27.5,4.4,10.8,0.409,1.5,4.3,0.344,3,6.6,0.452,0.477,2.6,3.2,0.811,0.5,2.8,3.3,5.8,0.8,0.2,2,1.7,12.9
Pascal Siakam,31,IND,PF,36,36,33.9,8.8,18.2,0.483,1.7,4.6,0.37,7.1,13.6,0.521,0.53,4.5,6.6,0.682,1.6,5,6.6,3.8,1.3,0.4,2,2.6,23.7
Cam Thomas,24,BRK,SG,13,8,25.7,6.4,14.8,0.43,1.9,5.5,0.352,4.5,9.4,0.475,0.495,5.5,6.4,0.855,0.4,1.5,1.8,2.5,0.3,0.2,2,1.5,20.2
Obi Toppin,27,IND,PF,3,0,27.3,5,12,0.417,1,5.7,0.176,4,6.3,0.632,0.458,3,3,1,1,5.7,6.7,1.7,1,0,2,2.3,14
Jalen Williams,24,OKC,SG,19,19,30.1,6.6,14.4,0.46,0.8,2.8,0.302,5.8,11.6,0.498,0.489,3.1,3.6,0.853,0.8,4.3,5.1,5.5,1.4,0.4,2,2.3,17.2
Bam Adebayo,28,MIA,C,29,29,31,6.2,13.7,0.451,1.3,4,0.325,4.9,9.7,0.504,0.499,3.2,4.2,0.764,1.7,7.9,9.6,2.6,1,0.8,1.9,1.7,16.9
Grayson Allen,30,PHO,SG,20,18,30.1,5.4,12.6,0.426,3.2,8.1,0.389,2.2,4.5,0.494,0.552,1.8,2.3,0.8,0.5,2.2,2.6,4.1,1.7,0.3,1.9,2.4,15.7
Cole Anthony,25,MIL,PG,27,0,15,2.7,6.4,0.428,0.6,1.9,0.288,2.2,4.5,0.488,0.471,0.5,0.8,0.591,0.4,2.1,2.6,3.7,0.6,0.3,1.9,2.1,6.5
Egor Dёmin,19,BRK,PG,31,24,24.6,3.5,8.9,0.396,2.3,6.1,0.383,1.2,2.8,0.425,0.527,0.8,1,0.839,0.5,2.9,3.4,3.5,0.9,0.3,1.9,1.9,10.2
Shai Gilgeous-Alexander,27,OKC,PG,37,37,33.3,10.9,19.9,0.548,2,5,0.398,8.9,14.9,0.598,0.598,8.2,9.2,0.891,0.4,4,4.5,6.4,1.4,0.7,1.9,2,31.9
Nikola Jović,22,MIA,PF,26,1,20.1,3,7.7,0.387,1.2,4,0.298,1.8,3.7,0.484,0.465,1.9,2.5,0.781,0.5,3.4,4,3.1,0.7,0.4,1.9,1.9,9
Trey Murphy III,25,NOP,SF,35,35,35.6,7.5,15.1,0.495,2.9,7.6,0.382,4.6,7.5,0.611,0.592,3.4,3.7,0.908,1.2,4.9,6.1,3.5,1.5,0.2,1.9,2.1,21.3
Jordan Poole,26,NOP,PG,20,6,27.8,4.9,13.3,0.365,2.6,8.4,0.31,2.3,4.9,0.459,0.462,3.8,4.1,0.915,0.3,1.5,1.8,3.6,0.8,0.5,1.9,2.6,16.1
Norman Powell,32,MIA,SG,32,32,31,8.1,16.5,0.49,3.1,7.3,0.423,5,9.2,0.542,0.583,5,5.8,0.861,0.4,3.4,3.8,2.7,1.3,0.2,1.9,2.2,24.3
D'Angelo Russell,29,DAL,PG,25,3,19,3.6,8.9,0.405,1.3,4.4,0.3,2.3,4.5,0.509,0.48,1.7,2.4,0.717,0.3,2,2.4,4,0.5,0.1,1.9,1.2,10.2
Ben Saraf,19,BRK,SG,12,5,16.9,1.8,5.2,0.355,0.8,2.8,0.273,1.1,2.4,0.448,0.427,1,1.3,0.8,0.4,1.2,1.6,2.8,0.7,0.3,1.9,1.3,5.4
Marcus Smart,31,LAL,SG,26,19,28.3,3.1,7.8,0.399,1.5,5.2,0.299,1.6,2.7,0.594,0.498,1.7,1.8,0.936,0.6,2.4,3,3,1.4,0.4,1.9,2.9,9.5
Derrick White,31,BOS,SG,35,35,33.9,6.3,15.9,0.396,3.2,9.5,0.336,3.1,6.4,0.484,0.496,2.6,3,0.875,0.8,3.5,4.3,5.3,1.4,1.5,1.9,1.7,18.4
Brandon Williams,26,DAL,PG,33,9,22.5,4.2,9.6,0.432,0.5,2.6,0.195,3.6,7,0.522,0.459,3,3.7,0.805,0.5,2.2,2.8,3.9,1.2,0.2,1.9,1.8,11.8
Ivica Zubac,28,LAC,C,31,30,31.6,6.6,10.8,0.609,0,0,,6.6,10.8,0.609,0.609,2.1,2.8,0.739,3.6,7.4,11,2.5,0.4,1,1.9,2.5,15.3
Matas Buzelis,21,CHI,PF,37,37,27.8,5.4,11,0.486,1.8,5,0.357,3.6,6,0.595,0.568,2.4,3.1,0.772,1.1,4.2,5.2,1.7,0.8,1.4,1.8,2.6,14.9
Noah Clowney,21,BRK,PF,34,28,28.4,3.9,9.9,0.396,2.1,6.4,0.324,1.9,3.5,0.529,0.501,3.2,4,0.794,1,2.9,3.9,1.9,0.8,0.9,1.8,2.9,13.1
Paul George,35,PHI,PF,19,19,29.7,5.2,12.6,0.414,2.6,6.5,0.398,2.6,6.1,0.431,0.517,2.8,3.3,0.871,0.4,4.8,5.2,3.5,1.3,0.5,1.8,2.2,15.8
Collin Gillespie,26,PHO,PG,37,18,28,4.9,11,0.442,2.9,7,0.419,1.9,4,0.483,0.576,1,1.1,0.857,1.1,3,4.1,5,1.4,0.3,1.8,1.5,13.6
Chet Holmgren,23,OKC,PF,33,33,29,6.9,12,0.575,1.4,3.7,0.377,5.5,8.3,0.663,0.633,3.1,3.9,0.777,1.7,6.6,8.3,1.6,0.6,1.8,1.8,2.8,18.2
Onyeka Okongwu,25,ATL,C,37,26,31.7,6.1,12.5,0.487,1.9,5.2,0.361,4.2,7.4,0.575,0.561,2.2,2.8,0.769,1.8,6,7.8,3.2,1.1,1,1.8,3.5,16.2
Alex Sarr,20,WAS,C,27,27,28.3,7,14,0.504,1.1,3,0.366,5.9,10.9,0.542,0.544,2.2,3.1,0.711,2.3,5.4,7.8,3,0.8,2.3,1.8,2,17.4
Franz Wagner,24,ORL,SF,24,24,33.4,7.8,15.9,0.49,1.5,4.2,0.36,6.3,11.8,0.535,0.537,5.6,6.8,0.823,1.5,4.6,6.1,3.7,1.2,0.4,1.8,2.2,22.7
Jarrett Allen,27,CLE,C,26,26,26,5.5,9.2,0.596,0,0.3,0.143,5.5,9,0.609,0.598,2.8,3.8,0.755,2.1,5.8,7.9,2.1,1,0.8,1.7,1.8,13.9
Deandre Ayton,27,LAL,C,31,31,29.5,6.6,9.6,0.689,0,0,,6.6,9.6,0.689,0.689,0.9,1.6,0.592,2.5,5.9,8.5,0.9,0.8,1,1.7,2.5,14.2
Bilal Coulibaly,21,WAS,SG,22,22,27.1,3.4,8.7,0.391,1,3.7,0.259,2.5,5,0.486,0.445,2.7,3.5,0.776,1,3.8,4.8,2.6,1.5,1,1.7,2.9,10.5
VJ Edgecombe,20,PHI,SG,31,31,35.7,6.1,14.2,0.429,2.3,6,0.38,3.8,8.2,0.465,0.509,1.9,2.4,0.787,1.8,3.6,5.4,4.2,1.5,0.5,1.7,3.1,16.4
Kyle Kuzma,30,MIL,PF,35,15,26.2,4.9,9.4,0.515,0.8,2.6,0.322,4,6.9,0.588,0.559,2.3,3.1,0.748,0.9,3.9,4.8,2.3,0.7,0.5,1.7,2.4,12.8
CJ McCollum,34,WAS,SG,35,35,30.9,6.9,15.1,0.454,2.7,7,0.393,4.1,8.1,0.505,0.544,2.3,2.9,0.804,0.7,2.9,3.5,3.6,0.7,0.3,1.7,2.1,18.8
Jaden McDaniels,25,MIN,PF,35,35,31.7,5.6,11,0.506,1.3,3.3,0.412,4.2,7.7,0.546,0.568,2.1,2.4,0.867,1.1,3.3,4.5,2.8,1.1,0.9,1.7,3.5,14.5
Davion Mitchell,27,MIA,PG,35,35,30.1,3.7,8,0.47,1.1,2.9,0.379,2.6,5,0.523,0.539,0.7,1.1,0.622,0.3,2.1,2.5,7.5,1.2,0.1,1.7,2.9,9.3
Immanuel Quickley,26,TOR,PG,37,37,32.3,5.6,13.1,0.431,2.5,7,0.354,3.2,6.1,0.52,0.526,2.6,3.2,0.805,0.5,3.6,4.2,6.1,1.1,0.1,1.7,2.1,16.4
KJ Simpson,23,CHO,PG,14,2,15.9,2.2,6.4,0.348,0.9,2.8,0.308,1.4,3.6,0.38,0.416,0.7,1.1,0.625,0.4,1.7,2.1,2.5,1.1,0,1.7,1,6
Lonzo Ball,28,CLE,PG,27,3,22.4,1.7,5.5,0.304,1.2,4.5,0.264,0.5,1,0.481,0.412,0.5,0.7,0.7,0.9,3.1,4.1,4.4,1.3,0.3,1.6,1.4,5
RJ Barrett,25,TOR,SF,22,22,30.5,7.4,14.7,0.5,1.9,5.4,0.345,5.5,9.3,0.59,0.563,3,4.5,0.677,0.7,4.4,5.1,3.5,0.9,0.2,1.6,2.5,19.6
Jimmy Butler,36,GSW,SF,33,33,31.7,6,11.9,0.506,0.8,2.2,0.389,5.2,9.7,0.533,0.542,6.8,7.9,0.858,2.2,3.3,5.5,4.8,1.5,0.2,1.6,1.3,19.7
Cedric Coward,22,MEM,SG,34,21,26.7,4.9,10.5,0.471,1.4,4.4,0.329,3.5,6.1,0.572,0.539,2.4,2.9,0.845,1.6,4.9,6.6,2.9,0.6,0.3,1.6,1.9,13.7
Tari Eason,24,HOU,PF,20,8,24.1,4.7,9.8,0.477,2.2,4.7,0.468,2.5,5.1,0.485,0.59,0.8,1.2,0.652,1.9,4.2,6.1,1.6,1.1,0.6,1.6,2,12.3
De'Andre Hunter,28,CLE,SF,33,23,27.4,4.9,11.4,0.427,1.8,5.7,0.314,3.1,5.7,0.54,0.505,3.1,3.5,0.871,0.7,3.8,4.5,2.1,0.6,0.2,1.6,2.8,14.6
Tre Johnson,19,WAS,SG,29,11,23.9,4.4,9.8,0.456,2,5,0.397,2.4,4.7,0.518,0.558,1.4,1.5,0.909,0.5,2.5,3,1.8,0.6,0.3,1.6,1.7,12.3
Jakob Poeltl,30,TOR,C,21,21,25.3,4.2,6,0.693,0,0,,4.2,6,0.693,0.693,1.3,2.2,0.596,2.7,5,7.7,2.1,0.8,0.5,1.6,3.1,9.7
Day'Ron Sharpe,24,BRK,C,33,3,17.6,2.8,4.7,0.603,0.2,0.8,0.231,2.7,3.9,0.677,0.622,1.6,2.5,0.643,2.1,3.7,5.8,2.5,1.1,0.5,1.6,2.2,7.5
Ausar Thompson,23,DET,SF,33,32,26.2,4.6,9.1,0.51,0.2,0.5,0.278,4.5,8.5,0.525,0.518,2,3.5,0.556,2.1,3.8,5.9,2.5,1.5,0.8,1.6,2.8,11.4
Jarace Walker,22,IND,PF,37,12,23.2,3,8.2,0.365,1.5,4.3,0.338,1.5,3.9,0.396,0.454,1.5,1.9,0.792,0.4,3.8,4.2,1.9,0.6,0.3,1.6,1.6,9
Andrew Wiggins,30,MIA,SF,33,33,31.9,6.2,13.2,0.47,1.8,4.6,0.395,4.4,8.6,0.511,0.539,1.7,2.3,0.747,1.8,2.9,4.8,2.9,1.2,1.2,1.6,2.4,15.9
Bradley Beal,32,LAC,SG,6,6,20.2,3,8,0.375,1.2,3.2,0.368,1.8,4.8,0.379,0.448,1,1.3,0.75,0.3,0.5,0.8,1.7,0.5,0,1.5,2.3,8.2
Miles Bridges,27,CHO,PF,36,36,33.6,7,15.9,0.439,2.3,7.1,0.324,4.7,8.8,0.531,0.511,3.6,4.2,0.849,0.9,5.6,6.4,3.7,0.6,0.6,1.5,1.9,19.9
Nic Claxton,26,BRK,C,32,31,29.9,5.3,9,0.585,0,0.3,0.091,5.3,8.7,0.604,0.587,2.8,4.2,0.662,2.7,5.1,7.8,4.1,0.8,1.3,1.5,2.2,13.3
Dylan Harper,19,SAS,SG,27,0,21.4,4.4,10,0.437,0.6,2.5,0.25,3.7,7.5,0.5,0.469,1.6,2.3,0.721,0.9,2.4,3.2,3.7,1.1,0.2,1.5,2,11
Tre Mann,24,CHO,PG,24,1,18,2.9,8.4,0.348,1.3,4.3,0.298,1.6,4,0.402,0.425,0.5,0.6,0.867,0.8,1.9,2.6,2.4,0.5,0.1,1.5,1.8,7.7
Lauri Markkanen,28,UTA,PF,31,31,35.8,9.4,19.6,0.48,2.9,8,0.368,6.5,11.6,0.557,0.555,6,6.6,0.903,2,5,7,2.1,1.1,0.4,1.5,2,27.8
Khris Middleton,34,WAS,SF,24,24,24.4,3.6,8.2,0.442,0.8,2.5,0.317,2.8,5.7,0.496,0.49,1.8,2.1,0.824,1,3.1,4.1,3.2,0.8,0.3,1.5,2.8,9.8
Ryan Nembhard,22,DAL,PG,24,16,20.2,3.2,6.6,0.478,0.9,2.3,0.393,2.3,4.3,0.524,0.547,0.1,0.1,0.667,0.2,1.6,1.8,5,0.3,0,1.5,1.6,7.3
Royce O'Neale,32,PHO,SF,37,32,29.4,3.6,8.5,0.425,2.9,6.9,0.414,0.7,1.5,0.474,0.594,0.2,0.4,0.615,0.7,4.3,5,2.8,1.3,0.3,1.5,2.3,10.3
Naz Reid,26,MIN,C,37,0,26.4,5.4,11.7,0.458,2.4,6.4,0.367,3,5.3,0.569,0.559,1.2,1.5,0.807,1.1,5.1,6.2,2.4,0.9,0.9,1.5,2.5,14.3
Cam Spencer,25,MEM,SG,36,7,23.6,4,8.2,0.486,2.4,5.1,0.473,1.6,3.1,0.509,0.634,1.8,1.9,0.913,0.4,2.2,2.6,5,0.8,0.1,1.5,1.6,12.1
Nikola Vučević,35,CHI,C,36,36,30.6,6.8,13.5,0.501,1.9,4.8,0.392,4.9,8.8,0.56,0.57,1.1,1.4,0.784,2.2,7.1,9.3,3.6,0.7,0.4,1.5,2,16.5
Peyton Watson,23,DEN,SF,35,25,28.6,4.6,9,0.513,1.3,3.2,0.396,3.3,5.8,0.576,0.583,2.2,3,0.736,1,3.7,4.7,1.6,1,1,1.5,2.4,12.7
Santi Aldama,25,MEM,PF,37,8,27.8,5.3,11.3,0.465,1.6,4.9,0.331,3.6,6.4,0.567,0.537,1.8,2.6,0.688,1.6,5.2,6.7,3,0.9,0.7,1.4,1.5,13.9
John Collins,28,LAC,PF,35,26,27.2,5,9.2,0.539,1.2,3.1,0.383,3.8,6.2,0.616,0.602,1.8,2.2,0.818,1.4,3.6,5,0.9,0.9,0.8,1.4,2.5,12.9
Daniel Gafford,27,DAL,C,26,17,20.5,3.2,5.1,0.636,0,0,,3.2,5.1,0.636,0.636,1.8,2.3,0.783,2,4.3,6.3,0.9,0.9,1.4,1.4,2.5,8.3
Rudy Gobert,33,MIN,C,37,37,31.6,4.6,6.5,0.72,0,0,0,4.6,6.4,0.723,0.72,2,3.8,0.54,3.9,7.3,11.2,1.8,0.6,1.7,1.4,2.8,11.3
Aaron Gordon,30,DEN,PF,15,13,27.5,6.3,12.1,0.525,2,4.7,0.423,4.3,7.3,0.591,0.608,3.7,4.4,0.848,1.5,4.4,5.9,1.4,0.7,0.2,1.4,1.7,18.4
Tre Jones,26,CHI,PG,31,16,26.8,4,7.9,0.512,0.4,1.5,0.255,3.6,6.4,0.574,0.537,3.4,4,0.848,0.7,2.3,3,5.5,1.3,0.2,1.4,1.4,11.9
Caris LeVert,31,DET,SG,27,0,19.8,2.9,6.6,0.438,1.3,3.3,0.382,1.6,3.3,0.494,0.534,1.3,1.9,0.667,0.3,1.5,1.8,2.8,0.8,0.6,1.4,1.3,8.3
Dereck Lively II,21,DAL,C,7,4,16.4,1.6,2.6,0.611,0,0,,1.6,2.6,0.611,0.611,1.1,1.4,0.8,2,3.3,5.3,1.9,0.6,1.6,1.4,3,4.3
De'Anthony Melton,27,GSW,PG,13,0,20.7,3.1,8.2,0.377,1.2,4.2,0.278,1.9,4,0.481,0.448,1.7,2.2,0.786,0.7,1.8,2.5,1.8,1.7,0.5,1.4,2.3,9
Ajay Mitchell,23,OKC,SG,36,7,25.9,4.9,10.4,0.475,1.1,3.1,0.354,3.8,7.3,0.527,0.528,2.9,3.3,0.89,0.6,2.8,3.4,3.6,1.5,0.3,1.4,2.2,13.9
Kelly Oubre Jr.,30,PHI,SF,13,12,33.7,5.8,11.8,0.49,1.8,5.3,0.333,4,6.5,0.619,0.565,2.3,2.9,0.789,1.1,3.8,4.9,1.3,1.2,0.8,1.4,2.5,15.6
Brandin Podziemski,22,GSW,SG,38,12,27.2,4.2,9.3,0.452,1.8,4.6,0.4,2.3,4.7,0.503,0.551,1.6,2.2,0.747,0.7,3.8,4.5,3.3,1,0.2,1.4,2,11.8
Kobe Sanders,23,LAC,SG,28,4,19.7,2.3,5.1,0.451,0.9,2.4,0.382,1.4,2.6,0.514,0.542,0.9,1,0.893,0.4,1.9,2.3,1.5,0.6,0.1,1.4,2.3,6.4
Jarred Vanderbilt,26,LAL,PF,26,3,19.8,1.9,4,0.467,0.6,1.7,0.341,1.3,2.3,0.557,0.538,0.8,1.1,0.724,1.7,3.6,5.3,1.4,0.9,0.3,1.4,2.1,5.2
Trendon Watford,25,PHI,PF,15,4,19.4,3.1,5.9,0.534,0.5,1.2,0.389,2.7,4.7,0.571,0.574,1.6,2,0.8,1,3.4,4.4,3.5,0.4,0.2,1.4,2.5,8.3
Jose Alvarado,27,NOP,PG,35,0,22.2,2.9,6.8,0.424,1.6,4.4,0.361,1.3,2.4,0.542,0.542,0.5,0.7,0.826,0.4,2.4,2.8,3.3,1,0.1,1.3,2.1,7.9
Kentavious Caldwell-Pope,32,MEM,SG,36,13,21.7,2.9,7.1,0.412,1.3,3.6,0.359,1.6,3.5,0.465,0.502,1.4,1.6,0.929,0.4,2,2.4,3.1,0.8,0.2,1.3,1.1,8.6
Kris Dunn,31,LAC,PG,36,30,27.2,3.2,6.4,0.491,1.2,3.1,0.384,2,3.3,0.592,0.584,0.8,1.1,0.763,0.8,2.1,3,3,1.4,0.2,1.3,2.4,8.3
Tyler Herro,26,MIA,SG,7,6,31.4,8.1,16.3,0.5,2.3,5.9,0.39,5.9,10.4,0.562,0.57,3.7,4,0.929,0.4,5.1,5.6,2.4,0.9,0.4,1.3,1.6,22.3
Ron Holland,20,DET,SF,35,5,20.9,3,7.3,0.41,0.7,2.6,0.25,2.3,4.7,0.5,0.455,1.5,1.9,0.803,1.1,3.1,4.2,1.4,1.4,0.3,1.3,2.2,8.2
Daniss Jenkins,24,DET,PG,30,6,16.2,2.8,6.4,0.43,1,2.5,0.392,1.8,4,0.454,0.505,1.1,1.3,0.8,0.6,1.2,1.8,3.3,0.8,0.1,1.3,1.3,7.6
Herbert Jones,27,NOP,SF,23,23,28.3,3.5,8.8,0.394,1.4,4.2,0.333,2.1,4.7,0.449,0.473,1.1,1.4,0.813,1.1,2.6,3.7,2.3,1.7,0.3,1.3,3.3,9.5
Malik Monk,27,SAC,SG,29,0,21.6,4.1,9.6,0.428,1.8,4.3,0.408,2.3,5.3,0.444,0.52,1.4,1.8,0.824,0.3,1.6,2,2.2,0.8,0.4,1.3,1.5,11.4
Jamal Shead,23,TOR,PG,38,1,20.5,2.2,6.2,0.363,1.1,3.4,0.326,1.1,2.8,0.41,0.453,1,1.3,0.76,0.3,1.4,1.8,5.3,1,0.1,1.3,2.1,6.6
Reed Sheppard,21,HOU,SG,34,4,25.6,4.8,10.7,0.449,2.5,6.2,0.405,2.3,4.5,0.51,0.566,1,1.3,0.767,0.4,2.4,2.8,3.3,1.5,0.6,1.3,2.1,13.1
Javon Small,23,MEM,PG,14,0,12.6,1.4,4,0.339,0.7,2.2,0.323,0.6,1.8,0.36,0.429,0.9,1.1,0.8,0.4,1.1,1.4,3.3,0.3,0.1,1.3,1.3,4.3
Jabari Smith Jr.,22,HOU,PF,33,33,34.5,5.5,12.4,0.444,2.3,6.2,0.366,3.2,6.2,0.522,0.536,2,2.5,0.786,1.5,5.4,6.8,2,0.7,0.7,1.3,2.8,15.2
James Wiseman,24,IND,C,4,1,14.5,1.5,2.5,0.6,0,0,,1.5,2.5,0.6,0.6,0.3,0.5,0.5,1.3,0.8,2,0.8,0,0.3,1.3,2.5,3.3
Danny Wolf,21,BRK,PF,20,2,19.4,2.6,6.8,0.385,1,2.9,0.333,1.7,3.9,0.423,0.456,1.2,1.4,0.857,0.9,3,3.9,2,0.5,0.2,1.3,1.4,7.4
Ace Bailey,19,UTA,SF,31,21,23.4,4,9.2,0.437,1.5,4.1,0.352,2.5,5,0.506,0.516,0.6,1,0.667,1.4,1.8,3.2,1.5,0.7,0.4,1.2,2.4,10.1
Bogdan Bogdanović,33,LAC,SG,16,3,22.5,2.8,7.3,0.376,1.5,4.5,0.333,1.3,2.8,0.444,0.479,1,1.2,0.842,0.3,2.6,2.9,2.7,0.5,0.1,1.2,2.5,8
Christian Braun,24,DEN,SG,13,13,29.2,3.9,8.2,0.481,0.5,2.3,0.233,3.4,5.8,0.579,0.514,1.8,2.5,0.75,1.5,2.7,4.2,2.7,0.7,0.4,1.2,2.2,10.2
Wendell Carter Jr.,26,ORL,C,37,37,30.3,4.4,8.5,0.514,1.2,3.2,0.361,3.2,5.2,0.608,0.583,2.5,3.4,0.758,2.4,5.3,7.7,2.1,0.7,0.6,1.2,3.7,12.4
Max Christie,22,DAL,SG,35,26,28.8,4.2,8.7,0.482,2.4,5.3,0.454,1.8,3.4,0.525,0.62,1.5,1.8,0.857,0.2,3.2,3.4,2.1,0.5,0.4,1.2,1.6,12.3
Donte DiVincenzo,29,MIN,SG,37,37,31.2,4.3,10.6,0.405,2.9,8.1,0.366,1.4,2.6,0.526,0.543,1.5,1.9,0.761,1,3.5,4.5,4,1.3,0.5,1.2,2.5,13
Ayo Dosunmu,26,CHI,SG,31,7,26.2,5.3,10.4,0.508,1.8,4.1,0.441,3.5,6.3,0.552,0.595,2,2.3,0.861,0.6,2.1,2.7,3.4,0.5,0.3,1.2,1.6,14.3
Kyle Filipowski,22,UTA,C,35,12,21.9,3.4,7.4,0.459,0.8,2.7,0.309,2.6,4.7,0.545,0.515,1.7,2.4,0.699,1.6,4.4,6.1,2.1,0.5,0.5,1.2,2.6,9.3
Jordan Goodwin,27,PHO,PG,34,2,21.8,3.5,8.6,0.408,1.6,4.4,0.371,1.9,4.2,0.448,0.503,0.6,0.8,0.75,1.9,2.6,4.6,2.3,1.4,0.2,1.2,1.6,9.3
Kevin Huerter,27,CHI,SF,32,10,24.3,4.5,9.8,0.46,1.6,5.3,0.306,2.9,4.5,0.643,0.543,1.1,1.5,0.745,0.5,3.3,3.8,2.4,0.8,0.6,1.2,1.9,11.7
Oso Ighodaro,23,PHO,PF,37,7,19.5,2.4,3.8,0.62,0,0,0,2.4,3.8,0.624,0.62,0.6,1.2,0.488,1.3,3.2,4.6,1.8,0.9,0.5,1.2,2.6,5.3
Quenton Jackson,27,IND,PG,14,6,15,2.2,4.7,0.47,0.6,1.6,0.391,1.6,3.1,0.512,0.538,2.1,2.8,0.744,0.4,1.7,2.1,1.9,0.6,0.1,1.2,1.6,7.1
Ryan Kalkbrenner,24,CHO,C,26,25,25.6,3.7,4.7,0.787,0,0.1,0,3.7,4.6,0.8,0.787,1.3,1.8,0.723,2.6,3.8,6.4,0.6,0.7,1.8,1.2,1.8,8.7
Naji Marshall,28,DAL,SF,37,14,28.5,4.8,8.9,0.538,0.9,2.8,0.311,3.9,6.2,0.64,0.586,2.8,3.5,0.791,0.8,3.8,4.6,2.5,1,0.1,1.2,2.1,13.2
T.J. McConnell,33,IND,PG,25,0,17,4.5,8.3,0.541,0.3,1,0.308,4.2,7.2,0.575,0.56,0.4,0.4,1,0.4,2,2.4,4.7,1.1,0.2,1.2,1.1,9.6
Keegan Murray,25,SAC,PF,19,18,35.9,5.8,13.6,0.429,1.3,4.8,0.272,4.5,8.8,0.515,0.477,1.6,2,0.789,1.6,4.5,6.1,1.5,1.2,1.6,1.2,1.9,14.6
Payton Pritchard,28,BOS,PG,36,36,32.9,6.2,14,0.445,2.6,7.7,0.335,3.6,6.3,0.582,0.538,1.9,2.1,0.87,1.1,3.4,4.5,5.2,0.9,0.1,1.2,1.6,16.9
Brice Sensabaugh,22,UTA,SF,35,7,19.5,3.4,8,0.421,1.5,4.6,0.323,1.9,3.4,0.555,0.514,1.4,1.7,0.862,0.8,2.1,2.8,1.5,0.7,0.1,1.2,1.8,9.7
Isaiah Stewart,24,DET,C,34,11,23.7,4.1,7.5,0.539,0.9,2.4,0.373,3.1,5.1,0.618,0.6,1.4,2,0.706,1.9,3.7,5.6,1.1,0.3,2.1,1.2,3.1,10.4
Jaylon Tyson,23,CLE,SG,33,21,27.3,4.9,9.7,0.509,1.8,4.2,0.439,3.1,5.5,0.564,0.605,1.1,1.5,0.729,2,3.4,5.5,2,1,0.6,1.2,3.1,12.8
Blake Wesley,22,POR,SG,6,0,16.3,2.3,5.7,0.412,0.3,1.7,0.2,2,4,0.5,0.441,1,1.7,0.6,0.3,2,2.3,3.2,1.7,0.2,1.2,2.3,6
Steven Adams,32,HOU,C,27,9,22.3,2.3,4.6,0.496,0,0,,2.3,4.6,0.496,0.496,1.6,2.6,0.609,4.5,4.1,8.6,1.5,0.7,0.6,1.1,1.8,6.1
Kyle Anderson,32,UTA,SF,10,0,19.3,3.2,5.9,0.542,0.1,0.1,1,3.1,5.8,0.534,0.551,1.7,2.2,0.773,1,2.1,3.1,2.9,1.5,0.5,1.1,2.6,8.2
Marvin Bagley III,26,WAS,PF,31,7,19.3,4,6.5,0.622,0.2,0.5,0.438,3.8,6,0.638,0.639,1.7,2.3,0.736,2.5,3.1,5.5,1.5,0.5,0.7,1.1,2.2,10
Mikal Bridges,29,NYK,SF,37,37,35,6.4,12.6,0.51,2.3,5.6,0.406,4.2,7,0.592,0.6,0.9,1.1,0.762,1.2,3.4,4.6,4.4,1.6,0.9,1.1,1.9,16
Bruce Brown,29,DEN,SG,37,2,24.8,2.9,6.2,0.465,0.5,1.6,0.322,2.4,4.6,0.515,0.507,1,1.3,0.771,1.1,3.1,4.2,2.1,1.1,0.2,1.1,2.4,7.3
Julian Champagnie,24,SAS,SF,37,23,27.9,3.6,8.5,0.418,2.4,6.5,0.364,1.2,2.1,0.584,0.555,1.6,1.9,0.845,0.9,5,5.9,1.5,0.9,0.4,1.1,1.5,11.1
Sidy Cissoko,21,POR,SF,33,13,20.5,2,5.2,0.382,1.1,3.2,0.327,0.9,1.9,0.476,0.485,0.9,1.3,0.705,0.8,1.4,2.2,1.5,0.6,0.3,1.1,2.6,5.9
Jordan Clarkson,33,NYK,SG,37,0,20.2,3.8,8.5,0.44,1.5,4.1,0.353,2.3,4.4,0.521,0.525,1.1,1.4,0.784,0.8,1.1,1.9,1.4,0.4,0.1,1.1,2,10.1
Walter Clayton,22,UTA,PG,32,0,16.9,2.3,5.4,0.419,1,2.9,0.33,1.3,2.4,0.526,0.509,1.3,1.4,0.956,0.3,1.7,2.1,3.1,0.4,0.3,1.1,1.8,6.8
Nique Clifford,23,SAC,SG,33,3,18.6,2.1,5,0.41,0.7,2.2,0.311,1.4,2.8,0.489,0.479,0.7,0.9,0.71,0.7,2.2,2.8,1.3,0.6,0.3,1.1,2.1,5.5
RayJ Dennis,24,2TM,PG,14,0,12.3,1.6,5.1,0.306,0.9,2.7,0.316,0.7,2.4,0.294,0.389,0.6,0.6,0.889,0.6,1.1,1.6,1.9,0.2,0.3,1.1,1.1,4.6
DeMar DeRozan,36,SAC,PF,37,37,33.1,6.6,13.2,0.498,0.8,2.3,0.357,5.8,10.9,0.527,0.529,4.4,5,0.882,0.5,2.9,3.4,3.8,1.4,0.3,1.1,2.1,18.4
Ryan Dunn,23,PHO,SF,30,11,22.2,2.7,6.2,0.433,0.8,2.7,0.293,1.9,3.5,0.543,0.497,0.6,0.9,0.692,1.7,3.1,4.8,1.7,1.1,0.6,1.1,2.5,6.8
Buddy Hield,33,GSW,SG,32,3,17.8,2.8,6.7,0.419,1.4,4.4,0.324,1.4,2.3,0.603,0.526,0.5,0.6,0.944,0.7,1.8,2.5,1.4,0.8,0.1,1.1,1.3,7.6
Isaiah Jackson,24,IND,C,29,14,18.3,2.9,4.9,0.585,0,0,,2.9,4.9,0.585,0.585,1.6,2.1,0.742,2.5,3.4,5.9,0.8,0.7,0.8,1.1,3,7.3
Caleb Love,24,POR,SG,30,0,20.7,3.7,9.6,0.384,1.9,5.9,0.32,1.8,3.7,0.486,0.483,0.8,1,0.742,0.6,2.1,2.6,2.3,0.4,0.1,1.1,1.3,10.1
Terance Mann,29,BRK,SG,30,30,26.3,2.9,6.4,0.446,0.8,2.6,0.321,2,3.8,0.53,0.51,1.5,1.7,0.88,1.4,2.1,3.5,3.8,0.8,0.3,1.1,2.8,8
Tyrese Martin,26,BRK,SG,29,6,19.5,2.8,7.2,0.385,1.3,4.2,0.322,1.4,3,0.471,0.478,0.6,0.8,0.708,0.9,2.1,3,2.2,0.7,0.1,1.1,1,7.4
Collin Murray-Boyles,20,TOR,PF,31,7,19.6,2.9,5.4,0.536,0.5,1.3,0.385,2.4,4.2,0.581,0.58,0.8,1.3,0.585,2.3,2.3,4.6,1.7,0.8,0.5,1.1,2.5,7.1
Aaron Nesmith,26,IND,SF,17,14,29.7,4.8,12.6,0.379,2.9,7.2,0.398,1.9,5.4,0.352,0.493,2.3,2.9,0.796,1.4,3.4,4.8,2.1,0.8,0.6,1.1,2.7,14.7
Bobby Portis,30,MIL,PF,37,5,23.3,5.1,10.6,0.486,1.9,4.1,0.473,3.2,6.5,0.494,0.577,0.8,1.1,0.744,1.4,5.1,6.5,1.3,0.5,0.2,1.1,1.6,13
Anfernee Simons,26,BOS,SG,36,0,23.9,4.8,10.9,0.439,2.6,6.4,0.403,2.2,4.5,0.491,0.557,1.4,1.6,0.881,0.5,1.8,2.3,2.4,0.5,0.1,1.1,1.7,13.6
Jericho Sims,27,MIL,C,28,4,14.9,1.5,1.8,0.837,0,0,,1.5,1.8,0.837,0.837,0.3,0.4,0.636,1.3,2.6,3.9,0.6,0.2,0.2,1.1,1.8,3.2
Nolan Traoré,19,BRK,PG,14,0,15.3,1.5,4.4,0.339,0.7,2.4,0.303,0.8,2.1,0.379,0.419,0.5,0.6,0.778,0.1,1.1,1.1,2.1,0.5,0.4,1.1,1.4,4.2
Jonas Valančiūnas,33,DEN,C,33,1,13.3,3.5,5.9,0.593,0.1,0.4,0.25,3.4,5.5,0.615,0.601,1.4,1.8,0.77,1.3,3.3,4.7,1.2,0.2,0.6,1.1,2,8.5
Jaylen Wells,22,MEM,SG,37,37,27.6,4.2,10.2,0.416,1.8,5.3,0.335,2.5,4.9,0.506,0.504,2.1,2.7,0.778,0.9,2.6,3.6,1.8,0.9,0.1,1.1,2.1,12.4
Aaron Wiggins,27,OKC,SG,25,7,22.6,3.8,8.6,0.447,1.8,4.6,0.391,2,4,0.51,0.551,0.7,1,0.692,0.6,2.3,2.9,1.7,0.6,0.6,1.1,1.6,10.2
Dominick Barlow,22,PHI,PF,25,22,24.9,3.3,6.1,0.542,0.4,1.6,0.268,2.9,4.5,0.643,0.578,1.4,1.7,0.791,2.1,3,5.1,1.6,0.8,0.8,1,2.3,8.4
Harrison Barnes,33,SAS,PF,37,37,29.1,3.9,8.9,0.445,1.9,5.2,0.373,2,3.6,0.548,0.555,1.8,2,0.878,0.8,2.4,3.2,2.1,0.8,0.1,1,1.4,11.6
Zach Collins,28,CHI,C,10,0,18.4,3.7,6.4,0.578,0.9,2.1,0.429,2.8,4.3,0.651,0.648,1.4,2,0.7,1.6,4,5.6,1.5,0.2,0.4,1,1.8,9.7
Rob Dillingham,21,MIN,PG,30,0,10,1.4,4.2,0.341,0.3,1,0.345,1.1,3.2,0.34,0.381,0.5,0.6,0.778,0.2,1,1.2,1.9,0.6,0.1,1,1.1,3.7
Jalen Green,23,PHO,SG,2,2,15,5.5,11.5,0.478,3,7,0.429,2.5,4.5,0.556,0.609,1.5,2.5,0.6,1,1,2,2,1,0,1,1,15.5
Tobias Harris,33,DET,PF,23,23,27.4,4.8,10.6,0.455,1.3,4,0.333,3.5,6.6,0.53,0.518,2.4,2.9,0.848,1,3.5,4.6,2.5,0.6,0.3,1,2,13.4
Al Horford,39,GSW,C,19,1,19.5,2.3,6.2,0.373,1.6,4.5,0.349,0.7,1.7,0.438,0.5,0.5,0.5,1,0.9,3.8,4.8,1.8,0.8,1,1,1.1,6.7
Cameron Johnson,29,DEN,SF,28,28,30.6,4,8.8,0.461,1.9,4.5,0.429,2.1,4.3,0.496,0.571,1.7,2.1,0.81,0.7,2.9,3.6,2.4,0.6,0.3,1,2.3,11.7
Jock Landale,30,MEM,C,35,17,22.3,4.3,8.3,0.512,1.1,2.9,0.386,3.1,5.4,0.579,0.579,1.3,2,0.648,2.8,3.3,6.1,1.7,0.5,0.5,1,2.5,10.9
Jake LaRavia,24,LAL,PF,35,14,26.7,3.5,7.5,0.466,1.1,3.5,0.331,2.4,4.1,0.58,0.542,1.5,2.1,0.726,1.6,2.8,4.4,1.9,1.3,0.4,1,2.4,9.7
Pelle Larsson,24,MIA,SG,29,18,22.2,3.3,7.2,0.459,1.1,3.1,0.352,2.2,4.1,0.542,0.536,1.7,2.2,0.762,0.6,2,2.7,3.3,0.6,0.2,1,1.9,9.4
Cody Martin,30,IND,SF,4,0,13.8,0.5,2.5,0.2,0,1.3,0,0.5,1.3,0.4,0.2,0.8,1.5,0.5,0.3,3.3,3.5,0.5,1,0.5,1,1.3,1.8
Sam Merrill,29,CLE,SG,20,13,26.3,4.5,9.7,0.464,3.6,8,0.447,1,1.8,0.543,0.647,1.1,1.3,0.84,0.7,1.7,2.4,2.5,0.7,0.2,1,2.9,13.6
Moses Moody,23,GSW,SG,36,25,24.6,3.5,8.7,0.406,2.1,5.7,0.368,1.4,3,0.477,0.526,1.4,1.7,0.82,0.9,2.4,3.3,1.5,1,0.7,1,2.1,10.5
Chris Paul,40,LAC,PG,16,0,14.3,1.1,3.5,0.321,0.6,1.9,0.333,0.5,1.6,0.308,0.411,0.1,0.1,0.5,0.4,1.4,1.8,3.3,0.7,0,1,1.4,2.9
Drake Powell,20,BRK,SG,25,1,18.2,2.1,4.6,0.465,0.7,2.1,0.34,1.4,2.4,0.574,0.544,1.1,1.2,0.903,0.2,1.4,1.6,1.7,0.6,0.2,1,1.6,6.1
Maxime Raynaud,22,SAC,C,29,15,23.3,4.4,8,0.554,0.2,0.8,0.318,4.2,7.2,0.579,0.569,1.4,2,0.719,1.9,4.6,6.4,1.1,0.4,0.5,1,2.7,10.5
Pat Spencer,29,GSW,PG,24,3,15.5,2.4,5.9,0.408,0.7,1.8,0.372,1.8,4.1,0.424,0.465,0.9,1,0.875,0.7,1.5,2.2,3.3,0.7,0,1,1.3,6.4
Myles Turner,29,MIL,C,37,37,28.7,4,9.6,0.416,2.2,5.9,0.378,1.8,3.8,0.475,0.531,2.2,2.9,0.757,1.1,4.2,5.3,1.6,0.7,1.6,1,2.6,12.4
Tristan Vukcevic,22,WAS,C,27,2,11.4,2.3,4.9,0.47,0.4,2,0.208,1.9,2.9,0.646,0.511,1.6,2,0.782,0.6,1.9,2.4,1,0.3,0.6,1,1.3,6.6
Kel'el Ware,21,MIA,C,37,27,25.1,4.8,8.8,0.548,1.2,2.9,0.43,3.6,5.9,0.606,0.618,1.4,1.8,0.815,3.5,7.2,10.6,0.6,0.9,1.3,1,1.8,12.3
Jaylin Williams,23,OKC,PF,25,3,18.3,1.8,5,0.355,1.2,4.1,0.294,0.6,0.9,0.636,0.476,0.8,1.2,0.655,0.5,4.2,4.7,2.4,0.7,0.5,1,1.8,5.5
Mark Williams,24,PHO,C,32,28,23.8,4.8,7.3,0.652,0,0,1,4.7,7.3,0.651,0.655,2.8,3.6,0.791,3.2,5.2,8.3,1.1,1.2,0.8,1,2.3,12.4
Ziaire Williams,24,BRK,SF,29,4,22.6,2.9,7,0.407,1.6,5.1,0.313,1.3,2,0.649,0.52,1.8,2.1,0.867,0.6,1.8,2.4,0.7,1.1,0.5,1,2,9.1
Donovan Clingan,21,POR,C,34,34,27,4.4,8,0.546,1,2.8,0.344,3.4,5.2,0.655,0.606,1.5,2.4,0.638,4.5,6.2,10.7,1.8,0.5,1.4,0.9,2.6,11.2
Tristan Da Silva,24,ORL,SF,34,13,23.4,3.6,8.1,0.448,1.6,4.1,0.381,2.1,4.1,0.514,0.543,0.8,0.9,0.813,0.8,2.9,3.7,1.2,0.8,0.2,0.9,1.4,9.6
Andre Drummond,32,PHI,C,31,14,20.4,2.8,5.5,0.518,0.5,1.4,0.405,2.3,4.1,0.555,0.568,1,1.6,0.64,3.5,5.5,9,0.8,0.6,0.9,0.9,2.1,7.3
Drew Eubanks,28,SAC,C,29,11,14.2,2.2,3.6,0.625,0,0.1,0.333,2.2,3.5,0.634,0.63,0.8,1.5,0.558,0.8,2,2.8,0.3,0.4,0.7,0.9,1.4,5.3
Dorian Finney-Smith,32,HOU,PF,7,0,15,0.9,3,0.286,0.9,2.4,0.353,0,0.6,0,0.429,0,0,,1.1,1.7,2.9,0.6,0.3,0.1,0.9,1.7,2.6
Simone Fontecchio,30,MIA,SF,35,1,16.8,2.6,6.8,0.385,1.7,4.9,0.359,0.9,2,0.449,0.513,1.3,1.6,0.8,0.5,2.3,2.7,1.5,0.4,0.1,0.9,1.5,8.3
A.J. Green,26,MIL,SG,34,34,29.3,3.3,7.6,0.434,2.9,6.9,0.429,0.4,0.7,0.48,0.628,0.7,0.9,0.793,0.2,2.4,2.6,2,0.6,0.1,0.9,2.6,10.2
Rui Hachimura,27,LAL,PF,27,27,32.5,5,9.5,0.521,1.8,4.1,0.445,3.1,5.4,0.578,0.617,1,1.3,0.75,0.8,3,3.8,0.9,0.6,0.2,0.9,1.9,12.7
Jaden Ivey,23,DET,SG,22,1,16.7,3,6.6,0.462,1.1,3,0.364,2,3.6,0.544,0.545,1.2,1.5,0.813,0.5,1.6,2.1,1.9,0.6,0.3,0.9,1.4,8.4
Keldon Johnson,26,SAS,SF,37,0,23.5,5.1,8.9,0.574,1.2,2.9,0.421,3.9,6,0.649,0.643,2.1,2.7,0.772,2.1,4.4,6.4,1.3,0.7,0.1,0.9,1.8,13.5
Tyler Kolek,24,NYK,PG,33,1,13.5,2.1,4.7,0.445,0.7,2.1,0.338,1.4,2.6,0.529,0.519,0.3,0.5,0.667,0.3,1.6,1.9,2.9,0.4,0.1,0.9,1.4,5.2
Kevin McCullar Jr.,24,NYK,SF,9,0,9.3,1.1,2.4,0.455,0.7,1.4,0.462,0.4,1,0.444,0.591,0.2,0.6,0.4,0.9,1.3,2.2,1.6,0.4,0,0.9,1.3,3.1
Kris Murray,25,POR,SF,34,11,25.7,2.3,5.1,0.446,0.6,2.3,0.256,1.7,2.9,0.598,0.503,0.9,1.2,0.738,1.8,2.2,4,1.2,1.2,0.4,0.9,2,6.1
Kristaps Porziņģis,30,ATL,C,17,12,24.3,5.6,12.4,0.457,1.8,5.1,0.36,3.8,7.3,0.524,0.531,4,4.8,0.84,1.2,3.9,5.1,2.7,0.5,1.3,0.9,3.2,17.1
Micah Potter,27,IND,C,7,2,20.1,2.3,4.6,0.5,1.3,3.1,0.409,1,1.4,0.7,0.641,2.7,2.9,0.95,0.6,3.6,4.1,1.9,0.3,0.4,0.9,2.1,8.6
Paul Reed,26,DET,C,29,5,11.9,2.5,4.2,0.593,0.2,0.7,0.368,2.3,3.6,0.635,0.622,0.5,0.8,0.625,1.9,2.3,4.2,1.2,0.8,0.6,0.9,1.5,5.8
Nick Richards,28,PHO,C,27,2,9.4,1.3,2.6,0.493,0,0,,1.3,2.6,0.493,0.493,0.7,1,0.679,1.3,2.1,3.4,0.3,0.1,0.5,0.9,1.4,3.3
Zaccharie Risacher,20,ATL,SF,36,36,24.6,4.3,9.4,0.462,1.6,4.4,0.358,2.8,5,0.553,0.546,0.9,1.5,0.642,0.9,2.4,3.3,1.4,0.9,0.5,0.9,2.2,11.2
Gui Santos,23,GSW,PF,29,2,10.7,1.2,2.8,0.45,0.6,1.7,0.34,0.7,1,0.633,0.556,0.6,0.8,0.667,0.9,1.6,2.4,0.8,0.4,0.1,0.9,1.2,3.6
Dru Smith,28,MIA,SG,37,1,17.2,2.2,5.1,0.426,0.7,2.2,0.333,1.5,2.9,0.495,0.497,1.2,1.5,0.821,0.8,1.7,2.4,2.6,1.6,0.3,0.9,1.6,6.4
Jalen Smith,25,CHI,C,30,3,17.7,3.3,6.9,0.476,1.4,3.8,0.36,1.9,3.1,0.617,0.575,1.1,1.4,0.78,2,4.3,6.3,1.3,0.4,0.8,0.9,1.9,9
Devin Vassell,25,SAS,SG,32,32,31.9,5.3,12.4,0.422,2.7,7,0.379,2.6,5.4,0.477,0.529,1.8,2.1,0.868,0.5,3.6,4,2.4,0.9,0.5,0.9,2,15
Cason Wallace,22,OKC,SG,37,30,27,2.8,6.9,0.413,1.4,3.8,0.352,1.5,3,0.491,0.512,0.4,0.5,0.8,0.9,2.2,3.1,2.1,2.2,0.2,0.9,2,7.5
Cam Whitmore,21,WAS,SF,21,0,16.9,3.7,8,0.456,0.8,2.7,0.286,2.9,5.4,0.54,0.503,1.1,1.5,0.742,0.9,1.9,2.8,0.7,0.7,0.4,0.9,1.2,9.2
Patrick Williams,24,CHI,PF,35,1,18.5,2.3,6.1,0.377,1.3,3.3,0.395,1,2.9,0.356,0.481,0.7,1,0.657,0.7,2.2,2.9,1.1,0.8,0.3,0.9,1.3,6.6
Dylan Cardwell,24,SAC,C,10,1,17.2,1.4,2.7,0.519,0,0.1,0,1.4,2.6,0.538,0.519,1.1,2,0.55,2,3.3,5.3,0.9,0.9,1.7,0.8,3.5,3.9
Alex Caruso,31,OKC,SG,26,0,18.3,2.2,5.2,0.419,1,3.3,0.306,1.2,2,0.608,0.515,0.6,0.7,0.889,0.6,2.3,2.9,2.1,1.5,0.3,0.8,1.2,6
Javonte Cooke,26,POR,SG,5,0,6.2,0.6,2.4,0.25,0.2,1,0.2,0.4,1.4,0.286,0.292,0,0,,0.2,0.4,0.6,1,0.2,0,0.8,0.2,1.4
Moussa Diabaté,24,CHO,C,34,8,23.6,3,4.9,0.62,0,0,,3,4.9,0.62,0.62,1.9,2.8,0.67,3.7,4.6,8.3,1.4,0.8,0.9,0.8,2.5,7.9
Yang Hansen,20,POR,C,21,1,8.1,0.8,2.7,0.298,0.2,1.2,0.16,0.6,1.5,0.406,0.333,0.7,0.8,0.938,0.4,1.4,1.8,0.8,0,0.4,0.8,1.3,2.5
Jaden Hardy,23,DAL,SG,25,1,10.9,1.9,4.8,0.403,1.1,2.9,0.37,0.8,1.8,0.457,0.517,0.9,1,0.846,0.3,1,1.3,0.6,0.2,0.1,0.8,1.1,5.8
Aaron Holiday,29,HOU,PG,28,0,13.9,2,4.9,0.413,1.3,3.3,0.398,0.7,1.6,0.444,0.547,0.9,1,0.862,0.1,0.7,0.9,0.9,0.4,0.1,0.8,1.4,6.3
Jay Huff,27,IND,C,37,19,19.7,2.8,6.6,0.432,1.4,4.4,0.305,1.5,2.1,0.696,0.535,1.1,1.3,0.83,1,2.8,3.8,1.4,0.3,2.2,0.8,2.5,8.1
Bones Hyland,25,MIN,PG,28,3,13.6,2.2,5,0.439,1.1,3.2,0.337,1.1,1.8,0.62,0.547,0.8,1,0.75,0.2,1.2,1.4,2.4,0.5,0.2,0.8,1.7,6.2
GG Jackson II,21,MEM,PF,17,3,14.5,2.1,5.2,0.393,0.6,2.6,0.222,1.5,2.6,0.568,0.449,1.1,1.4,0.75,0.4,2.6,3,0.7,0.9,0.4,0.8,1.3,5.8
Sion James,23,CHO,SG,37,16,25.9,2,5,0.408,1.1,3,0.378,0.9,2,0.452,0.522,1.4,1.6,0.864,0.5,2.8,3.3,1.8,0.6,0.4,0.8,1.7,6.6
Derrick Jones Jr.,28,LAC,SF,17,13,24.2,3.8,6.9,0.556,1.3,3.2,0.4,2.5,3.6,0.694,0.65,1.4,1.8,0.774,0.9,1.8,2.6,1.2,0.8,1.1,0.8,2.1,10.4
Luke Kennard,29,ATL,SG,34,0,20.3,2.6,5.1,0.509,1.4,3.1,0.458,1.1,1.9,0.591,0.65,0.8,0.9,0.933,0.4,1.5,1.9,2.3,0.8,0.1,0.8,1.2,7.4
Bobi Klintman,22,DET,SF,6,0,8.8,1.2,3.5,0.333,0.5,1.8,0.273,0.7,1.7,0.4,0.405,0,0.5,0,0.8,1.8,2.7,0.7,0.3,0,0.8,1.5,2.8
Vit Krejci,25,ATL,PG,35,2,24.1,3.6,7.3,0.496,2.7,5.7,0.465,0.9,1.5,0.611,0.679,0.6,0.8,0.778,0.4,1.9,2.3,1.6,0.9,0.3,0.8,2.4,10.5
Brook Lopez,37,LAC,C,29,6,16.9,2.2,6.1,0.365,1.6,4.5,0.354,0.7,1.7,0.396,0.494,0.6,0.7,0.81,0.3,2.2,2.5,0.9,0.4,1,0.8,1.6,6.7
Sandro Mamukelashvili,26,TOR,C,37,7,21.4,3.9,7.7,0.514,1.3,3.4,0.381,2.6,4.3,0.62,0.599,1.3,1.6,0.8,1.5,3.4,5,1.9,0.7,0.6,0.8,1.8,10.5
Jared McCain,21,PHI,SG,26,1,18.8,2.5,7.2,0.344,1.1,3.5,0.319,1.3,3.7,0.368,0.422,0.7,0.8,0.857,0.2,2.3,2.5,1.8,0.8,0,0.8,1.3,6.7
Yves Missi,21,NOP,C,31,7,17.8,2.3,3.9,0.583,0,0,,2.3,3.9,0.583,0.583,0.7,1.3,0.561,2.7,2.4,5.2,1.1,0.4,1.2,0.8,1.6,5.3
Josh Okogie,27,HOU,SG,34,21,19.9,2.1,4.6,0.443,1,2.5,0.405,1.1,2.2,0.486,0.551,0.8,1.1,0.73,1.1,1.6,2.8,1,1,0.2,0.8,1.7,5.9
Gary Payton II,33,GSW,SG,35,1,12.3,2.1,4,0.529,0.3,1.1,0.275,1.8,2.9,0.63,0.568,0.1,0.3,0.5,1.1,2,3.1,1.7,0.5,0.4,0.8,1.5,4.7
Craig Porter Jr.,25,CLE,PG,33,0,17.3,2,4,0.504,0.6,1.4,0.413,1.5,2.6,0.552,0.575,0.4,0.6,0.619,1.5,2.1,3.7,2.8,1.1,0.7,0.8,1.2,5
Quinten Post,25,GSW,PF,38,24,18.3,3,6.8,0.438,1.5,4.4,0.341,1.5,2.4,0.613,0.548,0.5,0.6,0.818,1,3,4,1.5,0.6,0.5,0.8,2,8
Neemias Queta,26,BOS,C,34,34,24.6,4.4,6.7,0.651,0,0.1,0,4.4,6.6,0.662,0.651,1.3,2.1,0.606,3.1,5.1,8.2,1.4,0.8,1.3,0.8,2.9,10
Will Richard,23,GSW,SG,33,13,19,2.7,5.3,0.511,1.2,3.2,0.387,1.5,2.1,0.7,0.628,1,1.2,0.805,1,1.7,2.7,1.1,1,0.1,0.8,1.9,7.7
Tidjane Salaün,20,CHO,PF,23,0,17,2.3,4.6,0.509,1.1,2.4,0.455,1.3,2.2,0.569,0.627,0.8,1.2,0.704,0.7,3.6,4.3,0.8,0.5,0.3,0.8,1.7,6.6
Marcus Sasser,25,DET,PG,9,0,9,1.9,3.3,0.567,1.2,2.1,0.579,0.7,1.2,0.545,0.75,0.8,0.8,1,0.1,1.1,1.2,1.8,0.6,0.2,0.8,1,5.8
Nick Smith Jr.,21,LAL,SG,18,1,15.6,2.7,6.4,0.417,1.3,3.4,0.387,1.3,2.9,0.453,0.522,0.3,0.6,0.6,0.1,0.9,1,1.2,0.4,0.1,0.8,1.2,7
Jeremy Sochan,22,SAS,PF,23,0,14.6,2,4,0.495,0.4,1.3,0.29,1.6,2.7,0.597,0.543,0.5,0.7,0.688,1.1,2,3.1,1.2,0.4,0.2,0.8,2,4.9
Klay Thompson,35,DAL,SF,34,8,21.9,3.9,10.6,0.367,2.6,7.6,0.35,1.2,3,0.408,0.492,0.5,0.7,0.68,0.3,2.2,2.5,1.2,0.4,0.3,0.8,0.9,10.9
Devin Carter,23,SAC,PG,11,0,8.9,1.1,3.4,0.324,0.5,1.8,0.25,0.6,1.5,0.412,0.392,0.6,0.6,1,0.5,0.8,1.3,1.2,0.5,0.2,0.7,0.9,3.3
Moussa Cisse,23,DAL,C,20,1,10,1.2,1.9,0.605,0,0,,1.2,1.9,0.605,0.605,0.7,1.6,0.419,1.5,2,3.5,0.2,0.3,1,0.7,1.6,3
Luguentz Dort,26,OKC,SF,29,29,26.9,2.9,7.5,0.382,1.9,5.7,0.333,1,1.8,0.538,0.509,0.6,0.7,0.895,0.8,2.8,3.6,1,0.9,0.6,0.7,3.1,8.2
Justin Edwards,22,PHI,SF,29,5,15.6,1.8,4.8,0.364,1.1,3.2,0.33,0.7,1.6,0.435,0.475,0.5,0.6,0.882,0.5,1.2,1.7,1.2,0.7,0.2,0.7,1.7,5.1
Isaiah Joe,26,OKC,SG,29,0,20,3,6.9,0.438,2.3,5.7,0.409,0.7,1.3,0.568,0.604,1.5,1.7,0.917,0.5,2.1,2.6,1.4,0.6,0.1,0.7,1.7,9.9
Spencer Jones,24,DEN,SF,33,22,21.8,2.2,4.1,0.537,1,2.3,0.416,1.2,1.8,0.695,0.654,0.7,1.1,0.649,1.2,1.6,2.8,1,0.9,0.4,0.7,2.6,6.1
Corey Kispert,26,WAS,SF,19,2,19.5,3.1,6.3,0.496,1.6,4,0.395,1.5,2.3,0.674,0.622,1.4,1.8,0.765,0.3,2,2.3,1.7,0.4,0.2,0.7,1.1,9.2
Kevin Love,37,UTA,PF,20,2,17.1,2.3,5.6,0.411,1.5,4.2,0.361,0.8,1.5,0.552,0.545,1.1,1.4,0.778,1.6,3.8,5.4,2,0.4,0.4,0.7,2,7.2
Miles McBride,25,NYK,SG,26,11,27,4.3,9.5,0.452,3,6.6,0.453,1.3,2.9,0.447,0.609,1.1,1.3,0.853,0.7,1.8,2.5,2.4,0.7,0.2,0.7,1.8,12.7
Mac McClung,27,IND,SG,3,0,11.3,2.3,6,0.389,0.7,3.3,0.2,1.7,2.7,0.625,0.444,1,1.3,0.75,0,1.3,1.3,0.3,1.7,0.3,0.7,2,6.3
Jordan Miller,26,LAC,SF,15,0,12.3,1.5,3.1,0.468,0.6,1.5,0.409,0.9,1.7,0.52,0.564,1.6,1.9,0.857,0.8,1.8,2.6,1.1,0.3,0.2,0.7,0.7,5.1
Svi Mykhailiuk,28,UTA,SF,34,34,24.7,3.4,7.2,0.463,1.8,4.8,0.38,1.5,2.4,0.627,0.589,0.4,0.5,0.882,0.8,1.9,2.6,2,0.5,0.1,0.7,1.3,9
Isaac Okoro,25,CHI,SG,29,29,24.6,3.1,6.7,0.472,1,3.1,0.326,2.1,3.6,0.596,0.547,1.1,1.5,0.767,1.1,1.6,2.7,1.3,0.6,0.6,0.7,2.7,8.4
Noah Penda,21,ORL,SF,23,0,12.3,1.7,3.9,0.449,0.7,1.4,0.455,1.1,2.4,0.446,0.534,0.5,1,0.5,1.7,2.3,3.9,1.1,0.5,0.4,0.7,1.1,4.6
Jalen Pickett,26,DEN,SG,22,4,14.1,2,4.2,0.467,1,2.3,0.431,1,1.9,0.512,0.587,0.1,0.1,1,0.4,1.6,2,2,0.2,0.1,0.7,0.8,5
Jase Richardson,20,ORL,SG,26,0,11.7,2.2,4.3,0.5,0.8,1.8,0.426,1.4,2.5,0.554,0.589,0.8,1,0.769,0.5,0.8,1.4,1.4,0.3,0,0.7,1,5.8
Will Riley,19,WAS,SF,29,0,12.6,1.8,4.2,0.426,0.3,1.4,0.25,1.4,2.8,0.512,0.467,0.8,1,0.8,0.7,1.2,1.9,1.2,0.4,0.1,0.7,0.7,4.8
Mitchell Robinson,27,NYK,C,25,13,19,1.8,2.8,0.648,0,0,,1.8,2.8,0.648,0.648,0.6,1.6,0.39,4.6,4.1,8.6,1.1,0.8,1.1,0.7,2.2,4.3
Hunter Sallis,22,PHI,SG,7,0,3.7,0.4,0.7,0.6,0,0,,0.4,0.7,0.6,0.6,0.1,0.3,0.5,0,0.1,0.1,0.6,0,0.1,0.7,0.3,1
Terrence Shannon Jr.,25,MIN,SG,22,0,12.8,1.5,3.7,0.395,0.7,1.7,0.405,0.8,2,0.386,0.488,1,1.2,0.778,0.3,1,1.3,0.6,0.3,0,0.7,1.3,4.5
Gary Trent Jr.,27,MIL,SG,35,17,25.7,3.1,8,0.384,2.1,5.7,0.364,1,2.4,0.434,0.512,0.8,0.9,0.818,0.1,1.2,1.3,1.6,0.7,0.1,0.7,1.5,9
Keaton Wallace,26,ATL,PG,32,2,12.6,1.5,3.7,0.41,1,2.3,0.413,0.5,1.3,0.405,0.543,0.2,0.3,0.5,0,1.3,1.3,2.3,0.6,0.1,0.7,1.1,4.1
Nicolas Batum,37,LAC,PF,35,3,20.7,1.6,4,0.4,1.5,3.8,0.403,0.1,0.2,0.333,0.593,0.2,0.3,0.889,0.5,2.1,2.6,0.8,0.8,0.4,0.6,1.9,5
Saddiq Bey,26,NOP,SF,34,26,29.9,5.4,12.3,0.442,1.6,5.2,0.318,3.8,7.1,0.531,0.508,2.6,3.2,0.806,1.7,4.1,5.9,2.3,0.9,0.1,0.6,1,15.1
Goga Bitadze,26,ORL,C,34,0,16.7,2.4,3.5,0.697,0.1,0.2,0.25,2.4,3.3,0.73,0.706,1.1,1.4,0.735,2.1,3.1,5.2,1.3,0.8,1.2,0.6,2.3,6
Adem Bona,22,PHI,C,27,3,16.7,1.4,2.4,0.569,0.1,0.2,0.4,1.3,2.2,0.583,0.585,1.1,1.7,0.638,1.7,2.1,3.9,0.3,0.3,1.4,0.6,2.1,3.9
Malaki Branham,22,WAS,SG,20,0,9.3,1.3,3,0.424,0.3,1.1,0.227,1,1.9,0.541,0.466,1.1,1.3,0.808,0.4,1.3,1.7,1,0.3,0.1,0.6,0.8,3.8
Jevon Carter,30,CHI,PG,18,0,12.4,1.9,4.8,0.391,1.5,3.6,0.415,0.4,1.2,0.318,0.546,0.6,0.6,1,0.3,0.9,1.2,1,0.6,0,0.6,0.8,5.8
Mike Conley,38,MIN,PG,32,6,18.7,1.4,4.1,0.354,1,3,0.344,0.4,1.1,0.382,0.481,1.1,1.2,0.921,0.4,1.4,1.8,3,0.6,0.2,0.6,1.6,5
Hugo González,19,BOS,SF,31,1,14.9,1.7,3.4,0.491,0.5,1.5,0.378,1.1,2,0.574,0.571,0.3,0.5,0.533,0.9,2.4,3.3,0.6,0.7,0.3,0.6,1.9,4.2
Javonte Green,32,DET,SG,37,3,19.5,2.5,5.6,0.442,1.1,2.9,0.358,1.4,2.7,0.535,0.536,1.2,1.6,0.776,0.8,2,2.7,0.9,1.4,0.3,0.6,1.5,7.2
Mouhamed Gueye,23,ATL,PF,37,4,15.6,1.9,4.2,0.461,0.4,1.7,0.25,1.5,2.4,0.611,0.513,0.5,0.9,0.606,1.2,2.4,3.5,1,0.7,0.6,0.6,1.6,4.8
PJ Hall,23,2TM,C,14,2,10.2,1.8,3,0.595,0.2,0.4,0.6,1.6,2.6,0.595,0.631,1,1.4,0.7,1.5,1.9,3.4,0.4,0.1,0.6,0.6,1.1,4.8
Sam Hauser,28,BOS,PF,36,8,21.9,2.5,6.8,0.374,2.3,6,0.375,0.3,0.8,0.37,0.541,0.1,0.2,0.833,0.6,2.8,3.4,1.2,0.6,0.3,0.6,1.2,7.4
Jordan Hawkins,23,NOP,SG,29,0,13.8,1.6,5,0.319,0.9,2.8,0.313,0.7,2.2,0.328,0.406,0.3,0.5,0.714,0.3,1.2,1.5,0.7,0.1,0.2,0.6,0.7,4.4
Taylor Hendricks,22,UTA,PF,25,5,15.2,1.9,3.9,0.49,0.8,2,0.408,1.1,2,0.571,0.592,0.8,1,0.769,1,2.2,3.2,0.8,0.5,0.3,0.6,1.4,5.4
Ariel Hukporti,23,NYK,C,25,4,9.5,0.6,1.2,0.5,0,0,0,0.6,1.2,0.517,0.5,0.4,0.6,0.688,1.2,1.6,2.8,0.7,0.2,0.6,0.6,1.4,1.6
Kasparas Jakučionis,19,MIA,PG,12,1,14.1,1.3,3.8,0.333,1,2.2,0.462,0.3,1.6,0.158,0.467,0.8,0.8,1,0.8,1.2,1.9,1,0.7,0,0.6,1.4,4.3
Bronny James,21,LAL,SG,19,1,7.8,0.6,1.8,0.314,0.3,0.9,0.278,0.3,0.9,0.353,0.386,0.1,0.1,1,0.2,0.3,0.5,1.3,0.5,0.1,0.6,0.6,1.5
Karlo Matković,24,NOP,PF,26,2,12.2,2.2,3.5,0.622,0.4,1,0.385,1.8,2.5,0.719,0.678,0.2,0.5,0.417,0.8,2.5,3.3,0.8,0.3,0.7,0.6,1.5,4.9
Bryce McGowens,23,NOP,SG,24,9,19.3,2.7,5.5,0.485,0.8,1.7,0.5,1.8,3.8,0.478,0.561,2,2.6,0.758,0.4,1.8,2.2,1.4,0.7,0.2,0.6,1.7,8.1
Josh Minott,23,BOS,PF,29,10,17.6,2.3,4.5,0.504,1.1,2.5,0.438,1.2,2,0.586,0.626,0.7,0.9,0.769,1.3,2.6,4,1.1,0.8,0.4,0.6,1.7,6.3
Larry Nance Jr.,33,CLE,PF,16,2,15,1.4,4.1,0.354,0.6,2.1,0.303,0.8,2,0.406,0.431,0.1,0.2,0.333,0.8,2,2.8,1.3,0.6,0.3,0.6,2.4,3.6
Asa Newell,20,ATL,PF,28,0,10.9,2,3.6,0.554,0.8,1.8,0.46,1.2,1.8,0.647,0.668,0.4,0.7,0.526,0.9,1.1,2,0.6,0.4,0.3,0.6,1.6,5.2
Lachlan Olbrich,22,CHI,C,7,0,9,0.3,1.3,0.222,0,0.6,0,0.3,0.7,0.4,0.222,0,0.3,0,0.9,1.7,2.6,0.9,0,0,0.6,2.1,0.6
Kelly Olynyk,34,SAS,C,22,0,10.5,1.4,2.9,0.469,0.4,1.5,0.235,1,1.4,0.733,0.531,0.9,1.3,0.714,0.8,1.5,2.3,1.5,0.5,0,0.6,1.3,4
Mason Plumlee,35,CHO,C,14,2,8.9,0.6,0.9,0.75,0,0,,0.6,0.9,0.75,0.75,0.6,0.9,0.667,0.7,2.1,2.9,1.1,0.4,0,0.6,0.7,1.9
Taurean Prince,31,MIL,SF,8,0,21.1,2.1,4.8,0.447,1.5,3.5,0.429,0.6,1.3,0.5,0.605,0.4,0.4,1,0,1.6,1.6,1,0.8,0.3,0.6,2.5,6.1
Olivier-Maxence Prosper,23,MEM,PF,20,0,11.3,1.6,3.2,0.484,0.4,1.1,0.318,1.2,2.1,0.571,0.539,1.3,1.4,0.929,0.6,1.7,2.3,0.8,0.2,0.1,0.6,0.8,4.8
Duncan Robinson,31,DET,SF,35,35,29.1,3.8,9,0.424,2.7,7.1,0.384,1.1,1.8,0.578,0.576,1.2,1.5,0.788,0.3,2.5,2.8,1.9,0.8,0.3,0.6,2.3,11.5
Jeremiah Robinson-Earl,25,IND,PF,17,3,17.6,1.7,4.9,0.349,0.5,1.9,0.242,1.2,2.9,0.42,0.398,0.8,0.8,0.929,1.9,3.3,5.2,0.7,0.4,0.1,0.6,1.4,4.6
Mark Sears,23,MIL,PG,7,0,3.7,0.9,1.9,0.462,0.6,1.1,0.5,0.3,0.7,0.4,0.615,0.9,1.1,0.75,0.1,0.1,0.3,0.3,0,0,0.6,0.6,3.1
Ben Sheppard,24,IND,SG,26,11,24.2,2.5,6.5,0.379,1.2,3.8,0.323,1.2,2.7,0.457,0.473,0.7,0.8,0.81,0.7,3,3.8,1.8,0.7,0.1,0.6,1.9,6.8
Dalen Terry,23,CHI,SG,22,0,10.8,1.1,2.6,0.439,0.3,1,0.261,0.9,1.5,0.559,0.491,0.1,0.3,0.429,0.5,1.1,1.6,1.2,0.6,0.3,0.6,1.1,2.7
Ethan Thompson,26,IND,SG,15,5,17.5,1.7,4.5,0.388,1,3.1,0.319,0.7,1.3,0.55,0.5,0.3,0.4,0.667,0.7,1.2,1.9,1.5,0.5,0.3,0.6,2.2,4.7
Jordan Walsh,21,BOS,PF,31,20,19.7,2.5,4.4,0.574,0.9,1.9,0.466,1.6,2.5,0.654,0.673,0.8,1,0.806,1.5,3.3,4.7,0.9,1,0.5,0.6,2.5,6.7
Kenrich Williams,31,OKC,PF,18,0,13.4,2.1,4.1,0.507,0.8,1.9,0.4,1.3,2.1,0.605,0.603,0.2,0.6,0.4,0.7,1.9,2.6,1.7,0.6,0.1,0.6,0.9,5.1
Precious Achiuwa,26,SAC,C,30,17,19.8,3,6.1,0.489,0.3,1,0.323,2.6,5,0.523,0.516,0.9,1.8,0.491,1.8,3.6,5.4,1.1,0.8,0.4,0.5,1.7,7.2
Charles Bassey,25,MEM,C,2,0,15.5,1.5,4,0.375,0,0,,1.5,4,0.375,0.375,0.5,1.5,0.333,3.5,4,7.5,1,0.5,0.5,0.5,2.5,3.5
Kobe Brown,26,LAC,PF,24,0,10.1,1,2.8,0.379,0.4,1.8,0.238,0.6,1,0.625,0.455,0.7,0.8,0.85,0.5,1.2,1.8,0.9,0.3,0.1,0.5,0.5,3.2
Clint Capela,31,HOU,C,31,1,11.5,1.7,3.1,0.536,0,0,,1.7,3.1,0.536,0.536,0.4,0.8,0.5,2.5,2.1,4.6,0.5,0.5,0.7,0.5,0.9,3.7
Justin Champagnie,24,WAS,SF,34,9,17.4,2.5,5,0.491,0.6,1.9,0.323,1.9,3.1,0.594,0.553,1,1.4,0.708,2.1,3.4,5.4,1,0.7,0.6,0.5,1.7,6.6
Gradey Dick,22,TOR,SG,38,0,15.6,2,5,0.403,0.9,2.7,0.32,1.2,2.3,0.5,0.49,1.2,1.4,0.846,0.4,1.5,1.9,0.6,0.7,0.1,0.5,1.3,6.1
Keon Ellis,26,SAC,SG,35,4,17.9,2,5.1,0.385,1.2,3.5,0.355,0.7,1.7,0.448,0.506,0.5,0.8,0.607,0.4,1,1.4,0.6,1.2,0.5,0.5,1.7,5.7
Trentyn Flowers,20,CHI,SF,2,0,3,1,1.5,0.667,0,0.5,0,1,1,1,0.667,0,0,,0.5,0,0.5,0.5,0,0,0.5,0.5,2
Johnny Furphy,21,IND,SG,19,5,15.2,1.9,3.7,0.521,0.6,1.8,0.314,1.4,1.9,0.722,0.599,0.3,0.6,0.417,0.8,2.4,3.2,0.5,0.5,0,0.5,1.6,4.7
Eric Gordon,37,PHI,SG,6,0,12.3,2,3.5,0.571,1.3,2.3,0.571,0.7,1.2,0.571,0.762,0.2,0.3,0.5,0.2,0.2,0.3,0.5,0.7,0.2,0.5,0.5,5.5
Jaxson Hayes,25,LAL,C,30,4,17.3,2.5,3.2,0.779,0,0,1,2.4,3.1,0.777,0.784,1.2,1.8,0.667,1.4,2.7,4,0.9,0.4,0.6,0.5,2,6.2
Chucky Hepburn,22,TOR,PG,2,0,6.5,0,3,0,0,2.5,0,0,0.5,0,0,0,0,,0,0.5,0.5,1,0.5,0,0.5,1,0
Trayce Jackson-Davis,25,GSW,C,26,1,13.2,1.9,3.2,0.59,0,0,,1.9,3.2,0.59,0.59,1,1.7,0.605,1.6,2.3,3.9,1,0.3,0.7,0.5,1.3,4.8
Trey Jemison,26,NYK,C,6,0,6.3,0.5,0.5,1,0,0,,0.5,0.5,1,1,0.2,0.2,1,0.8,0.8,1.7,0.2,0,0.3,0.5,1,1.2
David Jones García,24,SAS,SF,11,0,6.2,1.2,2.3,0.52,0.3,0.5,0.6,0.9,1.8,0.5,0.58,0.3,0.5,0.5,0.4,0.8,1.2,1.6,0.5,0.1,0.5,0.5,2.9
DeAndre Jordan,37,NOP,C,2,1,11.5,2,2.5,0.8,0,0,,2,2.5,0.8,0.8,0.5,1,0.5,2,3,5,0,0,0,0.5,0.5,4.5
Miles Kelly,23,DAL,PG,2,0,5.5,0.5,1,0.5,0,0.5,0,0.5,0.5,1,0.5,0,0,,0.5,1.5,2,0,0,0,0.5,1,1
Dalton Knecht,24,LAL,SF,30,1,13.3,2,4.5,0.441,0.9,2.7,0.329,1.1,1.8,0.611,0.54,0.4,0.5,0.688,0.4,1.4,1.7,0.4,0.3,0.3,0.5,1.1,5.3
Luke Kornet,30,SAS,C,29,21,24.9,3.2,4.8,0.662,0,0,,3.2,4.8,0.662,0.662,2.1,2.5,0.833,3,3.7,6.7,2.1,0.4,1.4,0.5,2.1,8.4
Isaiah Livers,27,PHO,PF,19,0,10.7,0.6,1.9,0.324,0.5,1.5,0.321,0.2,0.5,0.333,0.446,0.3,0.3,0.833,0.6,1.4,2,0.7,0.4,0.3,0.5,1.2,2
Kevon Looney,29,NOP,C,16,6,14.2,1.1,2.8,0.4,0.1,0.6,0.111,1.1,2.3,0.472,0.411,0.3,0.5,0.625,2.3,2.7,5,1.6,0.4,0.5,0.5,1.9,2.6
Khaman Maluach,19,PHO,C,17,0,4.6,0.5,1.1,0.421,0,0.3,0,0.5,0.8,0.571,0.421,0.4,0.5,0.875,0.3,0.7,1,0.2,0.1,0.4,0.5,0.8,1.4
Liam McNeeley,20,CHO,SF,26,0,12.5,1.3,3.2,0.393,0.8,2.2,0.386,0.4,1,0.407,0.524,1,1.2,0.806,0.4,1.8,2.2,0.8,0.2,0.1,0.5,1.3,4.3
Landry Shamet,28,NYK,SG,15,6,20.9,2.8,6.2,0.452,1.9,4.4,0.424,0.9,1.8,0.519,0.602,1.8,2.3,0.794,0.5,1.5,2,1.2,0.4,0.2,0.5,1.3,9.3
Tolu Smith,25,DET,PF,4,0,7,1.5,2,0.75,0,0,,1.5,2,0.75,0.75,1.3,1.8,0.714,1,2.5,3.5,0.8,0.3,0.3,0.5,1,4.3
Jabari Walker,23,PHI,PF,33,6,12.7,1.4,3.3,0.435,0.4,1.3,0.279,1.1,2,0.538,0.491,0.8,1.2,0.737,1.3,2.1,3.4,0.5,0.2,0.3,0.5,1.7,4.1
Ja'Kobe Walter,21,TOR,SG,35,7,17.7,2,4.7,0.422,1.1,3.1,0.358,0.9,1.6,0.544,0.539,0.8,1,0.75,0.7,1.3,2.1,0.9,0.9,0.1,0.5,1.9,5.9
Robert Williams,28,POR,C,25,1,16.1,2.6,3.8,0.691,0,0.4,0.111,2.6,3.4,0.753,0.697,0.5,0.8,0.684,2.1,4,6.1,1,0.6,1.3,0.5,1.3,5.8
Jalen Wilson,25,BRK,PF,23,0,13.9,1.5,4.1,0.368,1,2.7,0.355,0.6,1.4,0.394,0.484,0.9,1.2,0.778,0.1,0.9,1,0.5,0.3,0,0.5,1.2,4.9
Jamaree Bouyea,26,PHO,PG,19,0,14.7,3.1,5.5,0.562,0.8,2.1,0.41,2.3,3.5,0.652,0.638,0.6,0.8,0.688,0.5,1.5,2.1,1.7,0.6,0.4,0.4,0.7,7.6
Tony Bradley,28,IND,C,29,3,10.7,1.6,2.8,0.563,0,0,0,1.6,2.7,0.57,0.563,0.8,1.1,0.727,1.6,1.1,2.6,0.5,0.1,0.2,0.4,1.9,3.9
Thomas Bryant,28,CLE,C,28,0,9.7,1.7,3.4,0.511,0.5,1.6,0.333,1.2,1.8,0.673,0.59,0.9,1,0.828,0.8,1.9,2.8,0.4,0.3,0.4,0.4,1.1,4.8
Branden Carlson,26,OKC,C,28,1,11,2.1,3.9,0.541,0.6,1.8,0.36,1.5,2.1,0.695,0.624,0.3,0.6,0.529,0.6,2,2.6,0.6,0.2,0.5,0.4,0.9,5.2
Jaylen Clark,24,MIN,SG,34,0,14.4,1.6,3.6,0.434,0.5,1.6,0.296,1.1,2,0.544,0.5,0.9,1.4,0.653,0.9,1,1.9,0.5,0.8,0.2,0.4,1.5,4.5
Ousmane Dieng,22,OKC,C,17,0,12.5,1.6,3.6,0.443,0.8,1.9,0.438,0.8,1.7,0.448,0.557,0.4,0.4,1,0.4,1.4,1.8,0.9,0.1,0.3,0.4,1.1,4.4
Luka Garza,27,BOS,C,28,1,15.9,2.6,4.2,0.627,0.6,1.3,0.486,2,2.9,0.691,0.703,1.5,1.9,0.796,2.5,1.7,4.1,1,0.4,0.5,0.4,2.5,7.5
Josh Green,25,CHO,SG,13,0,15.5,1.6,3.6,0.447,1.2,2.9,0.395,0.5,0.7,0.667,0.606,0.1,0.2,0.5,0.8,0.8,1.7,1,0.6,0,0.4,1,4.5
Tim Hardaway Jr.,33,DEN,SG,36,5,26.9,4.6,9.9,0.458,2.8,6.8,0.411,1.8,3.1,0.563,0.599,1.6,1.9,0.881,0.2,2.1,2.3,1.4,0.4,0.1,0.4,1.3,13.6
Elijah Harkless,25,UTA,SG,7,0,9.4,0.6,1.6,0.364,0.3,1,0.286,0.3,0.6,0.5,0.455,1,1.3,0.778,0.3,0.6,0.9,0.7,0.6,0,0.4,1.4,2.4
Gary Harris,31,MIL,SG,27,0,14.7,1,2,0.473,0.5,1.1,0.433,0.5,0.9,0.52,0.591,0.2,0.2,1,0.3,1.1,1.4,1,0.6,0.2,0.4,1.3,2.6
DaRon Holmes,23,DEN,PF,8,4,13.5,1.4,3.3,0.423,1,2.4,0.421,0.4,0.9,0.429,0.577,0.6,0.8,0.833,0.4,1.4,1.8,1.6,0,0.5,0.4,1.1,4.4
Caleb Houstan,23,ATL,SF,9,0,4.9,0.7,1.6,0.429,0.6,1.2,0.455,0.1,0.3,0.333,0.607,0.3,0.3,1,0.4,0.1,0.6,0.2,0.1,0.1,0.4,0.6,2.2
Andre Jackson Jr.,24,MIL,SG,15,0,6.5,0.5,1.6,0.292,0.2,1,0.2,0.3,0.6,0.444,0.354,0.3,0.4,0.833,0.3,0.5,0.8,1.1,0.3,0.1,0.4,0.9,1.5
AJ Johnson,21,WAS,SG,19,0,6.4,0.6,2.2,0.262,0.2,0.7,0.308,0.4,1.5,0.241,0.31,0.2,0.2,0.75,0.1,0.6,0.7,0.7,0.2,0,0.4,0.3,1.5
Keshad Johnson,24,MIA,SF,15,0,8.7,1.1,3,0.356,0.3,1.2,0.278,0.7,1.8,0.407,0.411,0.6,0.9,0.692,0.9,1.4,2.3,0.1,0.3,0.3,0.4,0.8,3.1
Maxi Kleber,34,LAL,PF,17,0,12.1,0.5,1.9,0.281,0.2,0.9,0.2,0.4,1,0.353,0.328,0.5,0.7,0.75,0.5,1.2,1.8,0.6,0.3,0.3,0.4,1.6,1.8
Christian Koloko,25,2TM,C,11,2,15.6,1.1,2.5,0.444,0,0.1,0,1.1,2.4,0.462,0.444,0.1,0.4,0.25,1.3,1.7,3,0.7,0.9,0.9,0.4,1.6,2.3
Yanic Konan Niederhäuser,22,LAC,C,19,0,8.4,1.3,2.1,0.615,0,0.1,0,1.3,2,0.632,0.615,0.7,1.2,0.565,0.9,1.2,2.2,0.3,0.1,0.4,0.4,1.2,3.2
Kyle Lowry,39,PHI,PG,5,0,8.6,0.4,1,0.4,0.4,1,0.4,0,0,,0.6,0,0,,0,0.6,0.6,1.4,0.2,0,0.4,0.6,1.2
Caleb Martin,30,DAL,SF,30,0,9.6,0.6,1.7,0.346,0.1,0.5,0.143,0.5,1.3,0.421,0.365,0.3,0.4,0.75,0.5,1,1.4,1,0.4,0.1,0.4,1.4,1.6
Jahmai Mashack,23,MEM,SG,7,0,3.6,0.3,1.1,0.25,0.3,0.9,0.333,0,0.3,0,0.375,0,0,,0,0.7,0.7,0.3,0.1,0,0.4,0.1,0.9
Doug McDermott,34,SAC,SF,7,0,10,1.1,3.3,0.348,1.1,3.3,0.348,0,0,,0.522,0,0,,0,0.7,0.7,0.3,0,0.1,0.4,0.7,3.4
Leonard Miller,22,MIN,SF,14,0,4.9,1.1,2,0.571,0.1,0.7,0.1,1.1,1.3,0.833,0.589,0.3,0.5,0.571,0.4,1,1.4,0.3,0.2,0,0.4,0.8,2.6
Zeke Nnaji,25,DEN,PF,24,1,10.8,1.3,2.4,0.517,0.4,1,0.36,0.9,1.4,0.636,0.595,0.9,1.2,0.786,0.5,1.4,1.9,0.3,0.4,0.4,0.4,1.2,3.8
Taelon Peter,23,IND,SG,21,0,5.8,0.5,1.6,0.294,0.4,1.5,0.281,0,0.1,0.5,0.426,0.2,0.3,0.667,0.3,0.6,0.9,0.7,0.1,0.1,0.4,0.3,1.6
Dwight Powell,34,DAL,C,24,1,12.2,0.8,1.3,0.613,0,0,,0.8,1.3,0.613,0.613,1.1,1.7,0.65,1.1,1.8,2.8,0.9,0.5,0.3,0.4,2,2.7
Tyrese Proctor,21,CLE,PG,26,1,11.1,1.6,4.7,0.344,0.9,3,0.299,0.7,1.7,0.422,0.439,0.7,0.9,0.826,0.2,1.1,1.3,1.3,0.3,0,0.4,1,4.8
Dario Šarić,31,SAC,C,5,0,8.2,0.2,1.2,0.167,0.2,0.6,0.333,0,0.6,0,0.25,0.4,0.4,1,0.2,1,1.2,0.4,0,0,0.4,0.6,1
Baylor Scheierman,25,BOS,SG,32,0,11.1,0.9,1.9,0.492,0.7,1.6,0.42,0.3,0.3,0.818,0.664,0.1,0.1,0.667,0.3,1.3,1.6,0.6,0.4,0.1,0.4,1.4,2.6
Julian Strawther,23,DEN,SG,18,0,9.4,1.2,3.4,0.361,0.3,1.5,0.185,0.9,1.9,0.5,0.402,1.1,1.4,0.731,0.1,1.2,1.3,0.8,0.1,0.1,0.4,1,3.8
Xavier Tillman Sr.,27,BOS,C,11,1,9.4,1.3,2.5,0.5,0.3,1.2,0.231,1,1.4,0.733,0.554,0,0,,0.9,1.3,2.2,0.5,0.5,0.2,0.4,0.8,2.8
Nae'Qwan Tomlin,25,CLE,PF,27,2,15.4,2.4,5.1,0.468,0.5,1.9,0.25,1.9,3.2,0.598,0.514,1,1.4,0.711,1.3,1.7,3,0.6,0.7,0.7,0.4,1.9,6.3
Gabe Vincent,29,LAL,PG,15,6,21.3,1.5,4.5,0.338,1.3,3.6,0.352,0.3,0.9,0.286,0.478,0.5,0.5,1,0.3,0.6,0.9,1.5,0.5,0.1,0.4,2.5,4.8
Jamir Watkins,24,WAS,SG,14,2,11.6,1,2,0.5,0.4,1.2,0.294,0.6,0.8,0.818,0.589,0.6,0.6,1,0.4,2.1,2.4,0.4,0.3,0.2,0.4,1.9,2.9
Guerschon Yabusele,30,NYK,C,32,0,9.9,1.2,2.9,0.413,0.6,1.8,0.345,0.6,1.1,0.529,0.522,0.3,0.4,0.667,0.6,1.6,2.2,0.5,0.1,0.1,0.4,1,3.3
Jahmir Young,25,MIA,PG,5,0,4.8,0.8,2.2,0.364,0.4,1,0.4,0.4,1.2,0.333,0.455,0,0,,0,0.4,0.4,0.8,0.2,0,0.4,0.6,2
Ochai Agbaji,25,TOR,SG,30,11,15.8,1.7,4.1,0.418,0.2,1.4,0.171,1.5,2.7,0.543,0.447,0.6,0.7,0.857,0.8,1.6,2.3,0.8,0.5,0.2,0.3,1.9,4.2
Trey Alexander,22,NOP,SG,4,0,10,1.5,2.3,0.667,0.5,0.8,0.667,1,1.5,0.667,0.778,0,0,,0,1,1,1.3,0.3,0.3,0.3,1,3.5
Jamison Battle,24,TOR,SF,26,1,7.8,1.3,2.2,0.596,0.6,1.3,0.485,0.7,0.9,0.75,0.737,0.2,0.2,0.8,0.3,1,1.3,0.3,0.2,0,0.3,0.7,3.4
Bismack Biyombo,33,SAS,C,11,1,5.9,0.4,0.5,0.667,0,0,,0.4,0.5,0.667,0.667,0.1,0.2,0.5,0.2,0.5,0.6,0.3,0.3,0.1,0.3,0.9,0.8
Johni Broome,23,PHI,C,7,0,5.7,0.6,2.9,0.2,0,0.4,0,0.6,2.4,0.235,0.2,0.3,0.6,0.5,0.9,1,1.9,0.6,0.3,0,0.3,0.7,1.4
Carter Bryant,20,SAS,PF,29,0,7.6,0.8,2.5,0.319,0.3,1.3,0.256,0.4,1.1,0.394,0.389,0.2,0.3,0.75,0.3,1.2,1.6,0.2,0.1,0.1,0.3,0.8,2.1
Jamal Cain,26,ORL,SF,14,0,7.9,0.9,2.4,0.394,0.4,1.1,0.313,0.6,1.2,0.471,0.47,1.1,1.3,0.833,0.4,0.4,0.9,0.3,0.3,0.1,0.3,1.4,3.3
Cam Christie,20,LAC,SG,23,0,9.1,1,3,0.338,0.4,1.3,0.29,0.6,1.6,0.378,0.404,0.9,1.3,0.7,0.3,1.3,1.7,0.5,0.3,0.1,0.3,0.5,3.3
Sharife Cooper,24,WAS,PG,4,0,2.5,0,0.3,0,0,0.3,0,0,0,,0,0,0,,0,0,0,0,0,0,0.3,0.3,0
N'Faly Dante,24,ATL,C,4,0,3.8,0.3,1,0.25,0,0,,0.3,1,0.25,0.25,0.3,0.3,1,0.8,1,1.8,0,0.5,0,0.3,0.3,0.8
JD Davison,23,HOU,PG,16,0,5.6,0.6,1.3,0.45,0.3,0.6,0.4,0.3,0.6,0.5,0.55,0.2,0.4,0.5,0.1,0.3,0.4,0.9,0.3,0.1,0.3,0.4,1.6
Mohamed Diawara,20,NYK,SF,29,4,5.2,0.8,1.9,0.4,0.4,1,0.4,0.3,0.9,0.4,0.509,0,0.1,0.25,0.2,0.7,0.9,0.5,0.3,0.1,0.3,0.5,2
Anthony Gill,33,WAS,PF,15,0,4.4,0.7,1.1,0.688,0.2,0.3,0.6,0.5,0.7,0.727,0.781,0.3,0.3,1,0.3,0.7,1,0,0.1,0.1,0.3,0.3,1.9
Nigel Hayes-Davis,31,PHO,SF,22,0,8,0.6,1.9,0.333,0.1,0.7,0.133,0.5,1.2,0.444,0.357,0,0.1,0.5,0.5,0.8,1.3,0.3,0.3,0,0.3,0.7,1.4
Jonathan Isaac,28,ORL,PF,32,0,10.5,1.1,2.4,0.447,0.2,0.9,0.2,0.9,1.4,0.609,0.487,0.8,1.3,0.585,0.9,2,2.9,0.2,0.4,0.5,0.3,0.8,3.1
Tyus Jones,29,ORL,PG,38,8,16.6,1.2,3.4,0.364,0.7,2.2,0.306,0.6,1.2,0.477,0.465,0.2,0.2,1,0.2,1,1.2,2.5,0.7,0.1,0.3,0.6,3.3
John Konchar,29,MEM,SG,22,0,13,1.2,2.3,0.51,0.4,1.3,0.321,0.8,1,0.739,0.598,0.3,0.4,0.667,0.5,2.1,2.7,1.2,0.9,0.3,0.3,0.9,3
Jordan McLaughlin,29,SAS,PG,15,0,6.5,1,2,0.5,0.5,1.1,0.412,0.5,0.9,0.615,0.617,0.3,0.3,0.8,0.3,0.4,0.7,0.9,0.5,0,0.3,0.5,2.7
Wendell Moore Jr.,24,DET,SG,3,0,14.3,1,2,0.5,0,0.3,0,1,1.7,0.6,0.5,0,0,,0.3,1,1.3,1,0.7,0.3,0.3,0.3,2
Monte Morris,30,IND,PG,6,0,10.8,1.2,3.3,0.35,0.3,1.3,0.25,0.8,2,0.417,0.4,0.3,0.7,0.5,0.2,1,1.2,1.5,0.2,0.2,0.3,0.5,3
Micah Peavy,24,NOP,SG,33,1,15.3,1.9,4.8,0.396,0.4,1.7,0.255,1.5,3.2,0.471,0.44,0.3,0.5,0.733,0.9,1.3,2.2,1.1,0.6,0.2,0.3,1.6,4.6
Duop Reath,29,POR,C,27,0,7.3,1,2.2,0.45,0.7,1.6,0.442,0.3,0.6,0.471,0.608,0.1,0.1,0.667,0.2,0.6,0.8,0.3,0.2,0.1,0.3,0.8,2.8
Rayan Rupert,21,POR,SG,31,0,10.3,0.9,2.5,0.354,0.3,1.2,0.263,0.6,1.3,0.439,0.418,0.1,0.1,0.5,0.4,1.3,1.7,0.5,0.3,0.1,0.3,1.2,2.2
Garrett Temple,39,TOR,SG,9,0,3,0.1,0.7,0.167,0.1,0.4,0.25,0,0.2,0,0.25,0.1,0.2,0.5,0,0.4,0.4,0.3,0.3,0.1,0.3,0.2,0.4
Adou Thiero,21,LAL,SF,15,0,5.8,0.5,1.2,0.389,0,0.1,0,0.5,1.1,0.412,0.389,0.4,0.5,0.75,0.5,0.7,1.2,0.3,0.3,0.1,0.3,1,1.3
Matisse Thybulle,28,POR,SG,4,0,12.3,1.5,2.5,0.6,1,1.5,0.667,0.5,1,0.5,0.8,1,1,1,0,1,1,0.8,2.5,0,0.3,1.8,5
Drew Timme,25,LAL,PF,4,0,3,0.3,0.8,0.333,0,0.5,0,0.3,0.3,1,0.333,0,0,,0.3,0.5,0.8,0.8,0.3,0,0.3,0,0.5
Luke Travers,24,CLE,SG,12,0,8.6,0.8,3,0.25,0.1,1.3,0.063,0.7,1.7,0.4,0.264,0.8,0.8,1,0.8,1.3,2,0.8,0.6,0.3,0.3,0.5,2.3
Dean Wade,29,CLE,PF,34,13,22.6,2,5,0.396,1.2,3.7,0.325,0.8,1.3,0.605,0.518,0.6,0.9,0.733,0.8,3.2,4,1.6,0.7,0.4,0.3,1.7,5.8
Cody Williams,21,UTA,SG,23,0,13.7,1.7,4.2,0.406,0.3,1.7,0.158,1.4,2.5,0.569,0.438,0.3,0.5,0.583,0.5,0.9,1.4,0.6,0.3,0.3,0.3,1.4,4
Brooks Barnhizer,23,OKC,SG,20,0,7.7,0.6,1.3,0.462,0.1,0.3,0.2,0.6,1.1,0.524,0.481,0.2,0.3,0.667,0.3,1.5,1.8,0.5,0.2,0.1,0.2,0.6,1.5
Joan Beringer,19,MIN,PF,13,0,4.5,0.8,1.3,0.647,0,0,,0.8,1.3,0.647,0.647,0.2,0.2,0.667,0.5,1,1.5,0,0.1,0.4,0.2,0.7,1.8
Pat Connaughton,33,CHO,SG,17,0,7.7,1.1,2.2,0.5,0.6,1.5,0.4,0.5,0.8,0.692,0.632,0.4,0.6,0.636,0.3,1.2,1.5,0.5,0.3,0.1,0.2,0.3,3.2
Jett Howard,22,ORL,SF,26,0,10.8,1.7,4.3,0.387,0.9,2.7,0.343,0.7,1.6,0.463,0.495,0.6,0.6,0.938,0.4,1.1,1.5,0.9,0.2,0.2,0.2,1,4.8
Joe Ingles,38,MIN,SF,11,0,3.6,0.1,0.4,0.25,0,0.3,0,0.1,0.1,1,0.25,0,0,,0,0.3,0.3,0.6,0.3,0,0.2,0.4,0.2
Curtis Jones,24,DEN,SG,5,0,4.4,0.4,2,0.2,0,1.2,0,0.4,0.8,0.5,0.2,0,0,,0.2,0.6,0.8,0.2,0,0,0.2,0.4,0.8
Garrison Mathews,29,IND,SG,15,1,13.1,1.4,3.5,0.404,1.1,3.1,0.37,0.3,0.4,0.667,0.567,1.3,1.5,0.826,0.1,1,1.1,0.7,0.4,0.2,0.2,1.3,5.2
Pete Nance,25,MIL,PF,9,0,3.6,0.8,1.6,0.5,0.4,1,0.444,0.3,0.6,0.6,0.643,0,0,,0.1,0.7,0.8,0.1,0,0,0.2,0,2
Julian Phillips,22,CHI,SF,27,2,10.3,1.2,2.7,0.432,0.5,1.6,0.326,0.7,1.1,0.581,0.527,0.2,0.2,0.833,0.7,0.7,1.4,0.3,0.6,0.2,0.2,1.1,3.1
Jae'Sean Tate,30,HOU,SF,21,0,7.9,1.2,2.3,0.521,0.3,0.7,0.4,0.9,1.6,0.576,0.583,0.1,0.1,1,0.7,0.8,1.5,0.6,0.2,0.1,0.2,1.2,2.8
Thanasis Antetokounmpo,33,MIL,SF,11,0,2.6,0.5,0.8,0.667,0,0,,0.5,0.8,0.667,0.667,0.5,0.8,0.667,0.2,0.3,0.5,0,0.3,0.3,0.1,0.6,1.6
Chris Boucher,33,BOS,PF,8,0,11.4,0.9,2.8,0.318,0.1,1.5,0.083,0.8,1.3,0.6,0.341,0.4,0.5,0.75,0.3,2,2.3,0.4,0.6,0.9,0.1,2,2.3
Amir Coffey,28,MIL,SG,22,0,7.7,0.5,1.2,0.423,0.1,0.5,0.25,0.4,0.6,0.571,0.481,0.3,0.3,1,0.2,0.5,0.7,0.4,0,0,0.1,0.3,1.5
Tyson Etienne,26,BRK,PG,8,0,4.3,0.5,1.9,0.267,0.5,1.6,0.308,0,0.3,0,0.4,0,0,,0,0,0,0.1,0,0,0.1,0.6,1.5
Rasheer Fleming,21,PHO,PF,21,0,7,1,2.8,0.356,0.4,1.6,0.235,0.6,1.2,0.52,0.424,0.3,0.4,0.778,0.8,0.6,1.4,0.1,0.2,0.2,0.1,0.9,2.7
Myron Gardner,24,MIA,SF,11,0,4.9,0.8,1.8,0.45,0.4,0.9,0.4,0.5,0.9,0.5,0.55,0.4,0.4,1,0.6,0.5,1.1,0.5,0.4,0,0.1,1,2.4
Jeff Green,39,HOU,PF,14,0,4.5,0.8,1.6,0.478,0.5,1.1,0.438,0.3,0.5,0.571,0.63,0,0,,0.1,0.4,0.4,0.1,0,0.1,0.1,0.4,2.1
Johnny Juzang,24,MIN,SG,14,0,3.6,0.9,2,0.429,0.4,1.3,0.278,0.5,0.7,0.7,0.518,0.1,0.1,0.5,0.1,0.6,0.7,0.3,0.1,0,0.1,0.2,2.1
Chaz Lanier,24,DET,SG,16,0,9.6,1.1,3,0.354,0.9,2.6,0.341,0.2,0.4,0.429,0.5,0.3,0.3,1,0.4,0.6,0.9,0.8,0.3,0,0.1,0.3,3.3
Jonathan Mogbo,24,TOR,PF,13,0,4.8,0.5,0.9,0.5,0,0,,0.5,0.9,0.5,0.5,0.1,0.1,1,0.5,0.7,1.2,0.5,0.2,0.2,0.1,0.4,1
Jahmyl Telfort,24,LAC,PF,8,0,4,0,0.5,0,0,0.5,0,0,0,,0,0.1,0.5,0.25,0,0.4,0.4,0.1,0.1,0,0.1,0.6,0.1
Hunter Tyson,25,DEN,PF,13,0,5.3,0.7,2.2,0.321,0.3,1.2,0.267,0.4,1,0.385,0.393,0.5,0.5,1,0.2,1.2,1.4,0.3,0.1,0.1,0.1,0.5,2.2
Lindy Waters III,28,SAS,SG,20,0,6.6,0.8,2,0.385,0.6,1.7,0.353,0.2,0.3,0.6,0.538,0.1,0.1,1,0.1,0.8,0.9,0.3,0.2,0,0.1,0.6,2.2
Mo Bamba,27,TOR,C,2,0,3,0,1,0,0,0,,0,1,0,0,0,0,,0.5,0.5,1,0,0,0.5,0,1,0
Koby Brea,23,PHO,SG,2,0,4,0.5,1.5,0.333,0,1,0,0.5,0.5,1,0.333,1,1,1,0,0.5,0.5,1,0,0,0,0,2
Brandon Clarke,29,MEM,PF,2,2,10,1.5,4.5,0.333,0,0,,1.5,4.5,0.333,0.333,1,2,0.5,2,1,3,0.5,1,0,0,2.5,4
Isaiah Crawford,24,HOU,SF,2,0,2.5,0,0.5,0,0,0.5,0,0,0,,0,0,0,,0,0,0,0,0,0,0,0,0
Seth Curry,35,GSW,SG,2,0,16,3,4.5,0.667,1,2,0.5,2,2.5,0.8,0.778,0,0,,0.5,1.5,2,1.5,1,0,0,1.5,7
Pacome Dadiet,20,NYK,SG,14,0,3.1,0.1,0.6,0.125,0,0.4,0,0.1,0.2,0.333,0.125,0.3,0.3,1,0.1,0.7,0.8,0.4,0.1,0,0,0.2,0.4
Noa Essengue,19,CHI,PF,2,0,3,0,1.5,0,0,1,0,0,0.5,0,0,0,0,,0,0,0,0,0.5,0,0,0.5,0
Tosan Evbuomwan,24,NYK,SF,5,0,1.6,0,0.2,0,0,0,,0,0.2,0,0,0,0,,0.2,0.2,0.4,0,0,0,0,0.2,0
Vladislav Goldin,24,MIA,C,1,0,1,0,0,,0,0,,0,0,,,0,0,,0,0,0,1,0,0,0,0,0
Ron Harper Jr.,25,BOS,SF,4,0,5,0.8,2.5,0.3,0.5,2,0.25,0.3,0.5,0.5,0.4,0,0,,0.3,0.5,0.8,1,0.3,0.5,0,0.5,2
Harrison Ingram,23,SAS,SF,3,0,3.7,0.7,1,0.667,0.3,0.3,1,0.3,0.7,0.5,0.833,0,0,,1,0,1,0,0,0,0,0.7,1.7
Colby Jones,23,DET,SG,1,0,7,1,3,0.333,0,2,0,1,1,1,0.333,0,0,,0,4,4,2,0,0,0,1,2
Isaac Jones,25,2TM,PF,4,1,4.5,0.5,1,0.5,0,0.5,0,0.5,0.5,1,0.5,0.3,0.5,0.5,0.5,0,0.5,0.3,0,0,0,1,1.3
Kam Jones,23,IND,SG,7,0,6.6,1.1,2.1,0.533,0.1,0.7,0.2,1,1.4,0.7,0.567,0,0,,0.1,0.3,0.4,0.6,0.3,0,0,0.4,2.4
A.J. Lawson,25,TOR,SG,3,0,7.7,1.3,3.7,0.364,0.7,1.3,0.5,0.7,2.3,0.286,0.455,1.3,1.3,1,0.3,1.7,2,0,0.3,0.7,0,1.7,4.7
E.J. Liddell,25,BRK,PF,8,0,4.4,0.6,1.5,0.417,0.3,1,0.25,0.4,0.5,0.75,0.5,0.3,0.4,0.667,0.4,0.8,1.1,0,0,0,0,0.5,1.8
Chris Livingston,22,CLE,SF,3,0,5.7,1.3,2.3,0.571,0,1,0,1.3,1.3,1,0.571,0.3,0.3,1,0,1,1,0.3,0.3,0,0,1.3,3
Chris Mañon,24,LAL,SG,4,0,3.5,0,0.3,0,0,0.3,0,0,0,,0,0,0,,0.3,0.5,0.8,0,0.3,0.5,0,0.8,0
Alijah Martin,24,TOR,SG,3,0,2.7,0,0.3,0,0,0,,0,0.3,0,0,0,0,,0,0,0,0,0.3,0,0,0,0
Emanuel Miller,25,CHI,PF,5,0,6.6,1.2,2.6,0.462,0.4,1.2,0.333,0.8,1.4,0.571,0.538,0.2,0.4,0.5,0.2,0.4,0.6,0.8,0.4,0,0,0.4,3
Riley Minix,25,SAS,SF,3,0,2.7,1.3,2,0.667,0.3,1,0.333,1,1,1,0.75,0,0,,0.3,0.3,0.7,0.3,0.3,0,0,0.3,3
Drew Peterson,26,CHO,PF,6,0,10.7,0.3,2.7,0.125,0,2,0,0.3,0.7,0.5,0.125,0.2,0.3,0.5,0.5,1,1.5,0.3,0.5,0.2,0,0.5,0.8
Daeqwon Plowden,27,SAC,SG,1,0,14,1,5,0.2,0,3,0,1,2,0.5,0.2,0,0,,2,0,2,0,0,0,0,0,2
Antonio Reeves,25,CHO,SG,6,0,8.8,1.3,2.7,0.5,0.8,1.7,0.5,0.5,1,0.5,0.656,0,0,,0.2,0.7,0.8,0.3,0.2,0,0,0.5,3.5
Orlando Robinson,25,ORL,C,4,1,6.3,0.8,1.3,0.6,0.3,0.5,0.5,0.5,0.8,0.667,0.7,0,0,,0.5,0.5,1,0.8,0.3,0,0,0.8,1.8
Jacob Toppin,25,ATL,SF,5,0,3.4,0.8,1.2,0.667,0,0,,0.8,1.2,0.667,0.667,0,0,,0,0.2,0.2,0.2,0,0.2,0,0.2,1.6
Oscar Tshiebwe,26,UTA,C,1,0,15,1,4,0.25,0,0,,1,4,0.25,0.25,0,1,0,2,4,6,1,1,0,0,2,2
Amari Williams,24,BOS,PF,6,0,5.2,0.2,0.3,0.5,0,0,,0.2,0.3,0.5,0.5,0.2,0.3,0.5,0.3,0.8,1.2,0.2,0.2,0.3,0,0.7,0.5
Chris Youngblood,23,OKC,SG,26,0,5.3,0.5,1.7,0.318,0.5,1.5,0.308,0.1,0.2,0.4,0.455,0.3,0.3,1,0.2,0.6,0.8,0.3,0.1,0,0,0.7,1.8